Date,UNEMP,PAYEMS,INDPRO,PERMIT,T10Y2Y,UMCSENT,T10Y3M,CPIAUCSL,USREC,W875RX1,CMRMTSPL
1/1/1948,3.4,44679,14.3274,,,,,23.680,,,
2/1/1948,3.8,44533,14.3543,,,,,23.670,,,
3/1/1948,4,44683,14.1931,,,,,23.500,,,
4/1/1948,3.9,44379,14.2199,,,,,23.820,,,
5/1/1948,3.5,44796,14.4618,,,,,24.010,,,
6/1/1948,3.6,45034,14.6500,,,,,24.150,,,
7/1/1948,3.6,45160,14.6500,,,,,24.400,,,
8/1/1948,3.9,45178,14.5962,,,,,24.430,,,
9/1/1948,3.8,45294,14.4887,,,,,24.360,,,
10/1/1948,3.7,45245,14.5963,,,,,24.310,,,
11/1/1948,3.8,45192,14.4081,,,,,24.160,,,
12/1/1948,4,45032,14.2737,,,,,24.050,,,
1/1/1949,4.3,44668,14.1393,,,,,24.010,1,,
2/1/1949,4.7,44497,14.0049,,,,,23.910,1,,
3/1/1949,5,44240,13.7361,,,,,23.910,1,,
4/1/1949,5.3,44236,13.6554,,,,,23.920,1,,
5/1/1949,6.1,43984,13.4673,,,,,23.910,1,,
6/1/1949,6.2,43739,13.4404,,,,,23.920,1,,
7/1/1949,6.7,43531,13.4135,,,,,23.700,1,,
8/1/1949,6.8,43624,13.5479,,,,,23.700,1,,
9/1/1949,6.6,43780,13.6823,,,,,23.750,1,,
10/1/1949,7.9,42942,13.1716,,,,,23.670,1,,
11/1/1949,6.4,43242,13.5210,,,,,23.700,0,,
12/1/1949,6.6,43522,13.7629,,,,,23.610,0,,
1/1/1950,6.5,43526,14.0049,,,,,23.510,0,,
2/1/1950,6.4,43297,14.0586,,,,,23.610,0,,
3/1/1950,6.3,43954,14.5156,,,,,23.640,0,,
4/1/1950,5.8,44382,14.9995,,,,,23.650,0,,
5/1/1950,5.5,44718,15.3489,,,,,23.770,0,,
6/1/1950,5.4,45083,15.8059,,,,,23.880,0,,
7/1/1950,5,45454,16.3166,,,,,24.070,0,,
8/1/1950,4.5,46192,16.8274,,,,,24.200,0,,
9/1/1950,4.4,46438,16.7198,,,,,24.340,0,,
10/1/1950,4.2,46706,16.8273,,,,,24.500,0,,
11/1/1950,4.2,46776,16.8005,,,,,24.600,0,,
12/1/1950,4.3,46861,17.0962,,,,,24.980,0,,
1/1/1951,3.7,47288,17.1499,,,,,25.380,0,,
2/1/1951,3.4,47577,17.2575,,,,,25.830,0,,
3/1/1951,3.4,47873,17.3381,,,,,25.880,0,,
4/1/1951,3.1,47861,17.3650,,,,,25.920,0,,
5/1/1951,3,47952,17.3112,,,,,25.990,0,,
6/1/1951,3.2,48064,17.2306,,,,,25.930,0,,
7/1/1951,3.1,48061,16.9618,,,,,25.910,0,,
8/1/1951,3.1,48012,16.8005,,,,,25.860,0,,
9/1/1951,3.3,47954,16.9080,,,,,26.030,0,,
10/1/1951,3.5,48006,16.8811,,,,,26.160,0,,
11/1/1951,3.5,48147,17.0155,,,,,26.320,0,,
12/1/1951,3.1,48314,17.1230,,,,,26.470,0,,
1/1/1952,3.2,48296,17.3112,,,,,26.450,0,,
2/1/1952,3.1,48522,17.4187,,,,,26.410,0,,
3/1/1952,2.9,48504,17.4725,,,,,26.390,0,,
4/1/1952,2.9,48620,17.3112,,,,,26.460,0,,
5/1/1952,3,48642,17.1499,,,,,26.470,0,,
6/1/1952,3,48282,16.9886,,,,,26.530,0,,
7/1/1952,3.2,48143,16.7198,,,,,26.680,0,,
8/1/1952,3.4,48924,17.7951,,,,,26.690,0,,
9/1/1952,3.1,49320,18.4402,,,,,26.630,0,,
10/1/1952,3,49597,18.6284,,,,,26.690,0,,
11/1/1952,2.8,49816,19.0047,,,,,26.690,0,,
12/1/1952,2.7,50166,19.1122,,,,,26.710,0,,
1/1/1953,2.9,50144,19.1660,,,,,26.640,0,,
2/1/1953,2.6,50339,19.2735,,,,,26.590,0,,
3/1/1953,2.6,50473,19.4348,,,,,26.630,0,,
4/1/1953,2.7,50435,19.5154,,,,,26.690,0,,
5/1/1953,2.5,50490,19.6229,,,,,26.700,0,,
6/1/1953,2.5,50519,19.5423,,,,,26.770,0,,
7/1/1953,2.6,50536,19.7842,,,,,26.790,0,,
8/1/1953,2.7,50489,19.6767,,,,,26.850,1,,
9/1/1953,2.9,50368,19.2735,,,,,26.890,1,,
10/1/1953,3.1,50240,19.1122,,,,,26.950,1,,
11/1/1953,3.5,49908,18.6553,,,,,26.850,1,,
12/1/1953,4.5,49703,18.1983,,,,,26.870,1,,
1/1/1954,4.9,49469,18.0639,,,,,26.940,1,,
2/1/1954,5.2,49382,18.1176,,,,,26.990,1,,
3/1/1954,5.7,49157,18.0101,,,,,26.930,1,,
4/1/1954,5.9,49179,17.9026,,,,,26.860,1,,
5/1/1954,5.9,48965,18.0101,,,,,26.930,1,,
6/1/1954,5.6,48895,18.0639,,,,,26.940,0,,
7/1/1954,5.8,48835,18.0907,,,,,26.860,0,,
8/1/1954,6,48826,18.0639,,,,,26.850,0,,
9/1/1954,6.1,48886,18.0908,,,,,26.810,0,,
10/1/1954,5.7,48942,18.3058,,,,,26.720,0,,
11/1/1954,5.3,49180,18.6015,,,,,26.780,0,,
12/1/1954,5,49331,18.8434,,,,,26.770,0,,
1/1/1955,4.9,49496,19.2735,,,,,26.770,0,,
2/1/1955,4.7,49644,19.5154,,,,,26.820,0,,
3/1/1955,4.6,49962,19.9724,,,,,26.790,0,,
4/1/1955,4.7,50248,20.2143,,,,,26.790,0,,
5/1/1955,4.3,50512,20.5369,,,,,26.770,0,,
6/1/1955,4.2,50790,20.5638,,,,,26.710,0,,
7/1/1955,4,50987,20.7251,,,,,26.760,0,,
8/1/1955,4.2,51111,20.6982,,,,,26.720,0,,
9/1/1955,4.1,51266,20.8326,,,,,26.850,0,,
10/1/1955,4.3,51429,21.1820,,,,,26.820,0,,
11/1/1955,4.2,51592,21.2358,,,,,26.880,0,,
12/1/1955,4.2,51805,21.3164,,,,,26.870,0,,
1/1/1956,4,51975,21.4508,,,,,26.830,0,,
2/1/1956,3.9,52167,21.2627,,,,,26.860,0,,
3/1/1956,4.2,52294,21.2627,,,,,26.890,0,,
4/1/1956,4,52375,21.4240,,,,,26.930,0,,
5/1/1956,4.3,52506,21.2358,,,,,27.030,0,,
6/1/1956,4.3,52586,21.0476,,,,,27.150,0,,
7/1/1956,4.4,51955,20.4025,,,,,27.290,0,,
8/1/1956,4.1,52631,21.2358,,,,,27.310,0,,
9/1/1956,3.9,52604,21.7197,,,,,27.350,0,,
10/1/1956,3.9,52777,21.9078,,,,,27.510,0,,
11/1/1956,4.3,52821,21.7197,,,,,27.510,0,,
12/1/1956,4.2,52929,22.0422,,,,,27.630,0,,
1/1/1957,4.2,52887,21.9616,,,,,27.670,0,,
2/1/1957,3.9,53097,22.1766,,,,,27.800,0,,
3/1/1957,3.7,53156,22.1498,,,,,27.860,0,,
4/1/1957,3.9,53238,21.8541,,,,,27.930,0,,
5/1/1957,4.1,53150,21.7734,,,,,28.000,0,,
6/1/1957,4.3,53067,21.8272,,,,,28.110,0,,
7/1/1957,4.2,53123,21.9616,,,,,28.190,0,,
8/1/1957,4.1,53128,21.9616,,,,,28.280,0,,
9/1/1957,4.4,52934,21.7734,,,,,28.320,1,,
10/1/1957,4.5,52763,21.4508,,,,,28.320,1,,
11/1/1957,5.1,52558,20.9401,,,,,28.410,1,,
12/1/1957,5.2,52384,20.5369,,,,,28.470,1,,
1/1/1958,5.8,52076,20.1606,,,,,28.640,1,,
2/1/1958,6.4,51576,19.7305,,,,,28.700,1,,
3/1/1958,6.7,51299,19.4885,,,,,28.870,1,,
4/1/1958,7.4,51027,19.1660,,,,,28.940,1,,
5/1/1958,7.4,50914,19.3541,,,,,28.940,0,,
6/1/1958,7.3,50914,19.8649,,,,,28.910,0,,
7/1/1958,7.5,51039,20.1606,,,,,28.890,0,,
8/1/1958,7.4,51233,20.5638,,,,,28.940,0,,
9/1/1958,7.1,51506,20.7520,,,,,28.910,0,,
10/1/1958,6.7,51485,20.9939,,,,,28.910,0,,
11/1/1958,6.2,51944,21.6121,,,,,28.950,0,,
12/1/1958,6.2,52085,21.6390,,,,,28.970,0,,
1/1/1959,6,52478,21.9616,,,,,29.010,0,2426,
2/1/1959,5.9,52688,22.3917,,,,,29.000,0,2434.8,
3/1/1959,5.6,53014,22.7142,,,,,28.970,0,2452.7,
4/1/1959,5.2,53321,23.1981,,,,,28.980,0,2470,
5/1/1959,5.1,53550,23.5476,,,,,29.040,0,2486.4,
6/1/1959,5,53681,23.5744,,,,,29.110,0,2493.9,
7/1/1959,5.1,53804,23.0099,,,,,29.150,0,2492,
8/1/1959,5.2,53336,22.2304,,,,,29.180,0,2477.7,
9/1/1959,5.5,53428,22.2035,,,,,29.250,0,2477.7,
10/1/1959,5.7,53358,22.0422,,,,,29.350,0,2480.6,
11/1/1959,5.8,53634,22.1766,,,,,29.350,0,2497.2,
12/1/1959,5.3,54174,23.5475,,,,,29.410,0,2525.8,
1/1/1960,5.2,54274,24.1658,1092,,,,29.370,0,2537.6,
2/1/1960,4.8,54513,23.9508,1088,,,,29.410,0,2539.9,
3/1/1960,5.4,54454,23.7357,955,,,,29.410,0,2542.2,
4/1/1960,5.2,54813,23.5476,1016,,,,29.540,0,2551.4,
5/1/1960,5.1,54475,23.5207,1052,,,,29.570,1,2557.6,
6/1/1960,5.4,54348,23.2250,958,,,,29.610,1,2557,
7/1/1960,5.5,54306,23.1443,999,,,,29.550,1,2561.9,
8/1/1960,5.6,54272,23.1175,994,,,,29.610,1,2555.4,
9/1/1960,5.5,54227,22.8755,984,,,,29.610,1,2556.1,
10/1/1960,6.1,54142,22.8487,972,,,,29.750,1,2564.1,
11/1/1960,6.1,53961,22.5261,979,,,,29.780,1,2549.4,
12/1/1960,6.6,53742,22.0960,951,,,,29.810,1,2534.5,
1/1/1961,6.6,53683,22.1229,969,,,,29.840,1,2556.6,
2/1/1961,6.9,53557,22.0960,961,,,,29.840,1,2556.8,
3/1/1961,6.9,53659,22.2304,1000,,,,29.840,0,2569.4,
4/1/1961,7,53627,22.6874,1002,,,,29.810,0,2578.3,
5/1/1961,7.1,53786,23.0368,1027,,,,29.840,0,2593.7,
6/1/1961,6.9,53977,23.3594,1070,,,,29.840,0,2614.5,
7/1/1961,7,54123,23.6282,1083,,,,29.920,0,2620.7,
8/1/1961,6.6,54298,23.8432,1159,,,,29.940,0,2631.9,
9/1/1961,6.7,54388,23.8164,1098,,,,29.980,0,2637,
10/1/1961,6.5,54522,24.2733,1123,,,,29.980,0,2665.2,
11/1/1961,6.1,54742,24.6497,1152,,,,29.980,0,2689.7,
12/1/1961,6,54872,24.8647,1161,,,,30.010,0,2704.5,
1/1/1962,5.8,54891,24.6496,1122,,,,30.040,0,2700.8,
2/1/1962,5.5,55188,25.0529,1194,,,,30.110,0,2713.9,
3/1/1962,5.6,55275,25.1873,1134,,,,30.170,0,2731.9,
4/1/1962,5.6,55602,25.2410,1235,,,,30.210,0,2749,
5/1/1962,5.5,55628,25.2141,1142,,,,30.240,0,2752.9,
6/1/1962,5.5,55644,25.1604,1154,,,,30.210,0,2756.3,
7/1/1962,5.4,55746,25.4023,1189,,,,30.220,0,2769.4,
8/1/1962,5.7,55838,25.4292,1200,,,,30.280,0,2772.5,
9/1/1962,5.6,55978,25.5905,1223,,,,30.420,0,2775.8,
10/1/1962,5.4,56041,25.6174,1181,,,,30.380,0,2785,
11/1/1962,5.7,56056,25.7249,1236,,,,30.380,0,2798.3,
12/1/1962,5.5,56028,25.7249,1236,,,,30.380,0,2813,
1/1/1963,5.7,56115,25.9130,1248,,,,30.440,0,2806.3,
2/1/1963,5.9,56230,26.2088,1212,,,,30.480,0,2813.7,
3/1/1963,5.7,56320,26.3700,1258,,,,30.510,0,2826.3,
4/1/1963,5.7,56580,26.6120,1288,,,,30.480,0,2834.3,
5/1/1963,5.9,56616,26.9345,1350,,,,30.510,0,2846.3,
6/1/1963,5.6,56659,27.0152,1345,,,,30.610,0,2861,
7/1/1963,5.6,56794,26.9076,1321,,,,30.690,0,2862.7,
8/1/1963,5.4,56910,26.9614,1310,,,,30.750,0,2872.9,
9/1/1963,5.5,57078,27.2302,1413,,,,30.720,0,2893,
10/1/1963,5.5,57283,27.4184,1414,,,,30.750,0,2908.9,
11/1/1963,5.7,57255,27.5528,1357,,,,30.780,0,2915.8,
12/1/1963,5.5,57361,27.4990,1423,,,,30.880,0,2936.6,
1/1/1964,5.6,57487,27.7409,1296,,,,30.940,0,2936.3,
2/1/1964,5.4,57753,27.9291,1442,,,,30.910,0,2962.7,
3/1/1964,5.4,57897,27.9291,1313,,,,30.940,0,2977.8,
4/1/1964,5.3,57922,28.3861,1264,,,,30.950,0,2996,
5/1/1964,5.1,58089,28.5474,1299,,,,30.980,0,3014.9,
6/1/1964,5.2,58219,28.6280,1280,,,,31.010,0,3026.6,
7/1/1964,4.9,58412,28.8162,1304,,,,31.020,0,3043,
8/1/1964,5,58619,29.0043,1306,,,,31.050,0,3061.5,
9/1/1964,5.1,58903,29.1119,1265,,,,31.080,0,3074.4,
10/1/1964,5.1,58793,28.7087,1230,,,,31.120,0,3076.4,
11/1/1964,4.8,59218,29.5957,1254,,,,31.210,0,3099.1,
12/1/1964,5,59421,29.9452,1164,,,,31.250,0,3128.9,
1/1/1965,4.9,59582,30.2677,1264,,,,31.280,0,3134.5,
2/1/1965,5.1,59800,30.4559,1185,,,,31.280,0,3151.6,
3/1/1965,4.7,60003,30.8591,1211,,,,31.310,0,3167.2,
4/1/1965,4.8,60259,30.9935,1162,,,,31.380,0,3178.8,
5/1/1965,4.6,60491,31.2354,1207,,,,31.480,0,3199.2,
6/1/1965,4.6,60690,31.4774,1241,,,,31.610,0,3208.7,
7/1/1965,4.4,60965,31.7731,1237,,,,31.580,0,3230.4,
8/1/1965,4.4,61228,31.9075,1249,,,,31.550,0,3247.6,
9/1/1965,4.3,61490,31.9881,1227,,,,31.620,0,3268.7,
10/1/1965,4.2,61719,32.3107,1279,,,,31.650,0,3305.3,
11/1/1965,4.1,61996,32.4451,1306,,,,31.750,0,3328.6,
12/1/1965,4,62322,32.8483,1315,,,,31.850,0,3346.5,
1/1/1966,4,62529,33.1709,1325,,,,31.880,0,3353.6,
2/1/1966,3.8,62796,33.3859,1159,,,,32.080,0,3370.7,
3/1/1966,3.8,63192,33.8429,1234,,,,32.180,0,3389.3,
4/1/1966,3.8,63437,33.8967,1145,,,,32.280,0,3388,
5/1/1966,3.9,63712,34.2192,1078,,,,32.350,0,3399.6,
6/1/1966,3.8,64111,34.3805,956,,,,32.380,0,3419.3,
7/1/1966,3.8,64301,34.5687,932,,,,32.450,0,3434.6,
8/1/1966,3.8,64507,34.5955,877,,,,32.650,0,3444.1,
9/1/1966,3.7,64643,34.9181,774,,,,32.750,0,3453.4,
10/1/1966,3.7,64854,35.1600,739,,,,32.850,0,3468.5,
11/1/1966,3.6,65019,34.9181,736,,,,32.880,0,3482.4,
12/1/1966,3.8,65199,34.9987,743,,,,32.920,0,3478,
1/1/1967,3.9,65407,35.1638,995,,,,32.900,0,3508.2,364393.989
2/1/1967,3.8,65429,34.7650,907,,,,33.000,0,3507.6,362995.316
3/1/1967,3.8,65530,34.5691,955,,,,33.000,0,3521.1,365624.437
4/1/1967,3.8,65466,34.8951,1035,,,,33.100,0,3522.2,365385.317
5/1/1967,3.8,65620,34.5907,1076,,,,33.100,0,3527.6,365086.116
6/1/1967,3.9,65750,34.5863,1169,,,,33.300,0,3541.4,367798.148
7/1/1967,3.8,65888,34.5076,1177,,,,33.400,0,3557.6,365421.365
8/1/1967,3.8,66143,35.1687,1229,,,,33.500,0,3572.9,370329.939
9/1/1967,3.8,66164,35.1116,1279,,,,33.600,0,3577.9,371637.29
10/1/1967,4,66225,35.3976,1280,,,,33.700,0,3579.1,369058.636
11/1/1967,3.9,66703,35.9038,1297,,,,33.900,0,3601.6,378999.549
12/1/1967,3.8,66900,36.2905,1315,,,,34.000,0,3611.3,387426.434
1/1/1968,3.7,66804,36.2514,1179,,,,34.100,0,3629.2,383540.43
2/1/1968,3.8,67215,36.3813,1342,,,,34.200,0,3658.9,382331.611
3/1/1968,3.7,67295,36.4949,1370,,,,34.300,0,3676.8,385177.022
4/1/1968,3.5,67556,36.5477,1286,,,,34.400,0,3688,384412.798
5/1/1968,3.5,67652,36.9577,1297,,,,34.500,0,3710.6,387106.806
6/1/1968,3.7,67905,37.0934,1300,,,,34.700,0,3728.6,389844.072
7/1/1968,3.7,68126,37.0366,1344,,,,34.900,0,3751.3,393564.254
8/1/1968,3.5,68330,37.1399,1357,,,,35.000,0,3765.4,386854.468
9/1/1968,3.4,68484,37.2806,1464,,,,35.100,0,3785,392268.919
10/1/1968,3.4,68721,37.3546,1421,,,,35.300,0,3790.5,397581.233
11/1/1968,3.4,68984,37.8378,1436,,,,35.400,0,3807.9,401009.424
12/1/1968,3.4,69248,37.9573,1389,,,,35.600,0,3823.3,397290.444
1/1/1969,3.4,69439,38.1869,1459,,,,35.700,0,3824.3,397300.057
2/1/1969,3.4,69699,38.4313,1495,,,,35.800,0,3840.1,397918.885
3/1/1969,3.4,69905,38.7326,1438,,,,36.100,0,3859.1,399382.445
4/1/1969,3.4,70072,38.5901,1441,,,,36.300,0,3868.8,401109.158
5/1/1969,3.4,70328,38.4443,1328,,,,36.400,0,3884.3,400832.788
6/1/1969,3.5,70636,38.8198,1349,,,,36.600,0,3899.4,400603.28
7/1/1969,3.5,70729,39.0248,1278,,,,36.800,0,3920.7,400716.232
8/1/1969,3.5,71008,39.1145,1317,,,,36.900,0,3945.2,405063.654
9/1/1969,3.7,70914,39.1057,1263,,,,37.100,0,3955.8,407018.672
10/1/1969,3.7,71121,39.1171,1216,,,,37.300,0,3961.6,411726.576
11/1/1969,3.5,71086,38.7484,1191,,,,37.500,0,3965.8,406026.142
12/1/1969,3.5,71241,38.6444,1155,,,,37.700,0,3972.8,405277.54
1/1/1970,3.9,71176,37.9288,1062,,,,37.900,1,3979.5,400169.499
2/1/1970,4.2,71305,37.9038,1118,,,,38.100,1,3986.5,400525.176
3/1/1970,4.4,71451,37.8546,1132,,,,38.300,1,4001.6,395844.908
4/1/1970,4.6,71348,37.7573,1224,,,,38.500,1,3978,393844.229
5/1/1970,4.8,71124,37.7133,1328,,,,38.600,1,3986.4,398121.957
6/1/1970,4.9,71029,37.5913,1322,,,,38.800,1,3999.3,399716.493
7/1/1970,5,71053,37.6836,1324,,,,38.900,1,4020.4,400143.064
8/1/1970,5.1,70937,37.6164,1394,,,,39.000,1,4028.3,399958.016
9/1/1970,5.4,70944,37.3571,1426,,,,39.200,1,4017.2,399263.486
10/1/1970,5.5,70521,36.6098,1564,,,,39.400,1,3994.3,395109.523
11/1/1970,5.9,70409,36.3881,1502,,,,39.600,1,3992.7,388477.842
12/1/1970,6.1,70792,37.2237,1767,,,,39.800,0,4002.9,400806.352
1/1/1971,5.9,70865,37.5101,1643,,,,39.900,0,4041.6,404733.211
2/1/1971,5.9,70807,37.4386,1588,,,,39.900,0,4045.8,406993.438
3/1/1971,6,70860,37.3980,1759,,,,40.000,0,4056.9,408681.699
4/1/1971,5.9,71036,37.6080,1745,,,,40.100,0,4068.1,410904.676
5/1/1971,5.9,71247,37.7989,1972,,,,40.300,0,4084.7,412911.363
6/1/1971,5.9,71254,37.9574,1903,,,,40.500,0,4086.5,418581.757
7/1/1971,6,71315,37.8472,2069,,,,40.600,0,4091.7,413760.901
8/1/1971,6.1,71373,37.6276,2004,,,,40.700,0,4107.2,416361.183
9/1/1971,6,71614,38.2391,1996,,,,40.800,0,4125.2,420110.204
10/1/1971,5.8,71642,38.5253,2026,,,,40.900,0,4142,420400.993
11/1/1971,6,71847,38.6888,2079,,,,41.000,0,4159.2,427508.511
12/1/1971,6,72109,39.1355,2133,,,,41.100,0,4184.5,431500.257
1/1/1972,5.8,72441,40.0728,2238,,,,41.200,0,4208.2,436061.565
2/1/1972,5.7,72648,40.4789,2169,,,,41.400,0,4231.9,431354.862
3/1/1972,5.8,72944,40.7610,2105,,,,41.400,0,4259.5,439346.765
4/1/1972,5.7,73162,41.1654,2139,,,,41.500,0,4273.3,442331.562
5/1/1972,5.7,73469,41.1693,2067,,,,41.600,0,4291.2,445055.61
6/1/1972,5.7,73758,41.2778,2183,,,,41.700,0,4304.2,446997.41
7/1/1972,5.6,73709,41.2389,2195,,,,41.800,0,4332.2,444221.693
8/1/1972,5.6,74141,41.8050,2263,,,,41.900,0,4375.5,454870.354
9/1/1972,5.5,74264,42.1288,2393,,,,42.100,0,4396.4,462692.829
10/1/1972,5.6,74674,42.6703,2354,,,,42.200,0,4471,469079.382
11/1/1972,5.3,74973,43.1755,2234,,,,42.400,0,4504.1,478052.999
12/1/1972,5.2,75268,43.6617,2419,,,,42.500,0,4530.8,484428.738
1/1/1973,4.9,75617,43.9783,2271,,,,42.700,0,4506.6,490599.001
2/1/1973,5,76014,44.6103,2226,,,,43.000,0,4523.8,491365.627
3/1/1973,4.9,76284,44.6294,2062,,,,43.400,0,4525.8,489403.4
4/1/1973,5,76455,44.5680,1908,,,,43.700,0,4539.4,487378.688
5/1/1973,4.9,76648,44.8608,1931,,,,43.900,0,4556.1,485816.596
6/1/1973,4.9,76887,44.9186,2051,,,,44.200,0,4573.5,484846.898
7/1/1973,4.8,76913,45.0850,1819,,,,44.200,0,4591.5,491454.547
8/1/1973,4.8,77168,45.0221,1809,,,,45.000,0,4573.1,481298.546
9/1/1973,4.8,77276,45.3801,1704,,,,45.200,0,4601.6,484620.995
10/1/1973,4.6,77607,45.7462,1411,,,,45.600,0,4644.2,497051.642
11/1/1973,4.8,77920,45.9548,1402,,,,45.900,0,4654.9,505091.609
12/1/1973,4.9,78031,45.8252,1288,,,,46.300,1,4644,498331.356
1/1/1974,5.1,78100,45.5207,1331,,,,46.800,1,4589,498780.758
2/1/1974,5.2,78254,45.3825,1360,,,,47.300,1,4559.3,496333.08
3/1/1974,5.1,78296,45.3798,1440,,,,47.800,1,4527.8,498011.728
4/1/1974,5.1,78382,45.2470,1254,,,,48.100,1,4505.4,494381.666
5/1/1974,5.1,78549,45.6083,1138,,,,48.600,1,4508.4,496557.781
6/1/1974,5.4,78604,45.5216,1086,,,,49.000,1,4506.5,494825.06
7/1/1974,5.5,78636,45.6136,1002,,,,49.300,1,4510,493693.144
8/1/1974,5.5,78619,45.1303,917,,,,49.900,1,4503.6,488904.732
9/1/1974,5.9,78610,45.1377,840,,,,50.600,1,4498,484762.785
10/1/1974,6,78630,44.9950,824,,,,51.000,1,4507.8,476462.069
11/1/1974,6.6,78265,43.5148,783,,,,51.500,1,4472.5,471363.641
12/1/1974,7.2,77652,41.9503,869,,,,51.900,1,4456,457546.337
1/1/1975,8.1,77293,41.3689,726,,,,52.300,1,4442.2,456397.599
2/1/1975,8.1,76918,40.4252,729,,,,52.600,1,4421.8,453447.648
3/1/1975,8.6,76648,39.9804,709,,,,52.800,1,4421.6,439827.408
4/1/1975,8.8,76460,40.0572,866,,,,53.000,0,4416.5,444233.709
5/1/1975,9,76624,39.9402,914,,,,53.100,0,4439.9,444131.573
6/1/1975,8.8,76521,40.1927,946,,,,53.500,0,4449,448124.52
7/1/1975,8.6,76770,40.6115,1020,,,,54.000,0,4447.1,450349.9
8/1/1975,8.4,77153,41.0114,994,,,,54.200,0,4484.7,455633.376
9/1/1975,8.4,77228,41.5422,1064,,,,54.600,0,4497.5,456724.437
10/1/1975,8.4,77540,41.7224,1096,,,,54.900,0,4516.9,457281.983
11/1/1975,8.3,77685,41.7797,1110,,,,55.300,0,4526.8,456611.485
12/1/1975,8.2,78017,42.3462,1091,,,,55.600,0,4528.7,461447.962
1/1/1976,7.9,78503,42.9082,1195,,,,55.800,0,4553.5,472872.862
2/1/1976,7.7,78816,43.3407,1190,,,,55.900,0,4583.4,474949.243
3/1/1976,7.6,79048,43.4281,1164,,,,56.000,0,4601.8,478539.651
4/1/1976,7.7,79292,43.6518,1132,,,,56.100,0,4626.6,480828.717
5/1/1976,7.4,79312,43.8315,1194,,,,56.400,0,4640.8,480297.605
6/1/1976,7.6,79376,43.8775,1188,0.801363636,,,56.700,0,4644.1,486201.111
7/1/1976,7.8,79547,44.1248,1245,0.981904762,,,57.000,0,4660,486539.965
8/1/1976,7.8,79704,44.4262,1309,1.137272727,,,57.300,0,4678,488221.016
9/1/1976,7.6,79892,44.5711,1481,1.178095238,,,57.600,0,4685.6,489634.109
10/1/1976,7.7,79911,44.5600,1425,1.427,,,57.900,0,4689.5,483856.772
11/1/1976,7.8,80240,45.2454,1531,1.481052632,,,58.100,0,4728.2,491901.545
12/1/1976,7.8,80448,45.7310,1511,1.492272727,,,58.400,0,4744.1,504644.61
1/1/1977,7.5,80690,45.4156,1466,1.313809524,,,58.700,0,4726.1,501353.403
2/1/1977,7.6,80988,46.1358,1560,1.302631579,,,59.300,0,4743.2,508170.132
3/1/1977,7.4,81391,46.7158,1660,1.373478261,,,59.600,0,4765.4,514317.564
4/1/1977,7.2,81728,47.1719,1660,1.407,,,60.000,0,4789.3,513695.131
5/1/1977,7,82088,47.5410,1668,1.201904762,,,60.200,0,4814.4,514019.565
6/1/1977,7.2,82488,47.9063,1752,1.148181818,,,60.500,0,4829.7,518656.575
7/1/1977,6.9,82834,47.9714,1687,1.055263158,,,60.800,0,4848.1,520068.466
8/1/1977,7,83075,48.0157,1780,0.785217391,,,61.100,0,4861.6,520927.616
9/1/1977,6.8,83532,48.2097,1674,0.62952381,,,61.300,0,4900.6,522840.578
10/1/1977,6.8,83800,48.2839,1758,0.4175,,,61.600,0,4956.6,526756.622
11/1/1977,6.8,84173,48.3755,1771,0.434736842,,,62.000,0,4987.6,529163.446
12/1/1977,6.4,84410,48.4573,1754,0.508571429,,,62.300,0,5014.3,536176.037
1/1/1978,6.4,84594,47.7512,1740,0.47047619,83.7,,62.700,0,4995.2,519760.854
2/1/1978,6.3,84948,48.0098,1736,0.468333333,84.3,,63.000,0,5021.5,531680.817
3/1/1978,6.3,85460,48.9358,1799,0.460909091,78.8,,63.400,0,5052.8,537019.566
4/1/1978,6.1,86162,49.9074,1948,0.4105,81.6,,63.900,0,5093.2,553289.355
5/1/1978,6,86509,50.1513,1766,0.33952381,82.9,,64.500,0,5095.2,552763.05
6/1/1978,5.9,86950,50.4751,1983,0.222727273,80.0,,65.000,0,5124.9,555827.153
7/1/1978,6.2,87204,50.4371,1786,0.1505,82.4,,65.500,0,5136.2,551247.821
8/1/1978,5.9,87483,50.6393,1691,0.044347826,78.4,,65.900,0,5159.7,558437.048
9/1/1978,6,87621,50.7631,1751,-0.149,80.4,,66.500,0,5173.3,557162.141
10/1/1978,5.8,87956,51.1523,1781,-0.211428571,79.3,,67.100,0,5195.9,562133.198
11/1/1978,5.9,88391,51.5456,1795,-0.6195,75.0,,67.500,0,5202.6,564568.86
12/1/1978,6,88671,51.8060,1818,-0.709,66.1,,67.900,0,5236.1,567590.907
1/1/1979,5.9,88808,51.5250,1461,-0.760454545,72.1,,68.500,0,5248.7,561382.192
2/1/1979,5.9,89055,51.7780,1492,-0.618333333,73.9,,69.200,0,5278.5,558729.039
3/1/1979,5.8,89479,51.9382,1720,-0.672272727,68.4,,69.900,0,5294.3,574897.892
4/1/1979,5.8,89417,51.3251,1597,-0.5965,66.0,,70.600,0,5242.7,559387.521
5/1/1979,5.6,89789,51.7782,1684,-0.531428571,68.1,,71.400,0,5227.5,571771.305
6/1/1979,5.7,90108,51.7865,1640,-0.306666667,65.8,,72.200,0,5235.8,565933.888
7/1/1979,5.7,90217,51.7029,1534,-0.187619048,60.4,,73.000,0,5241.8,565217.729
8/1/1979,6,90300,51.3658,1591,-0.429130435,64.5,,73.700,0,5250.9,566199.443
9/1/1979,5.9,90327,51.3623,1638,-0.721578947,66.7,,74.400,0,5254.8,563003.163
10/1/1979,6,90481,51.7175,1481,-1.190454545,62.1,,75.200,0,5253.6,561320.91
11/1/1979,5.9,90573,51.6341,1276,-1.155263158,63.3,,76.000,0,5270.2,561533.595
12/1/1979,6,90672,51.6694,1254,-1.0045,61.0,,76.900,0,5283.1,559893.399
1/1/1980,6.3,90800,51.9440,1280,-0.695909091,67.0,,78.000,0,5277,564633.747
2/1/1980,6.3,90883,51.9633,1199,-1.003684211,66.9,,79.000,1,5256.5,559322.634
3/1/1980,6.3,90994,51.7454,988,-2.135714286,56.5,,80.100,1,5238.5,546586.779
4/1/1980,6.9,90849,50.7197,808,-1.028571429,52.7,,80.900,1,5228,534885.508
5/1/1980,7.5,90420,49.4766,861,0.731428571,51.7,,81.700,1,5206,528037.538
6/1/1980,7.6,90101,48.8383,1118,1.05,58.7,,82.500,1,5214.4,526517.502
7/1/1980,7.8,89840,48.4907,1259,1.218181818,62.3,,82.600,1,5196.7,533161.199
8/1/1980,7.7,90099,48.6456,1367,0.574285714,67.3,,83.200,0,5215,537003.945
9/1/1980,7.5,90213,49.4578,1484,-0.066190476,73.7,,83.900,0,5232.4,548314.693
10/1/1980,7.5,90490,50.0861,1366,-0.336818182,75.0,,84.700,0,5292.9,559766.028
11/1/1980,7.5,90747,50.9209,1383,-0.829411765,76.7,,85.600,0,5317.8,560138.527
12/1/1980,7.2,90943,51.2570,1249,-1.232727273,64.5,,86.400,0,5339.5,561521.579
1/1/1981,7.5,91033,50.9328,1221,-0.693809524,71.4,,87.200,0,5324.9,564940.157
2/1/1981,7.4,91105,50.7237,1199,-0.724444444,66.9,,88.000,0,5309.3,562611.438
3/1/1981,7.4,91210,50.9806,1183,-0.452727273,66.5,,88.600,0,5324.6,556799.255
4/1/1981,7.2,91283,50.7661,1190,-0.471904762,72.4,,89.100,0,5320.2,557110.472
5/1/1981,7.5,91296,51.0552,1173,-1.3575,76.3,,89.700,0,5337.2,553170.395
6/1/1981,7.5,91490,51.3214,976,-1.033636364,73.1,,90.500,0,5370.9,551710.44
7/1/1981,7.2,91601,51.6555,935,-1.073181818,74.1,,91.500,0,5427.8,552979.339
8/1/1981,7.4,91565,51.5903,889,-1.347619048,77.2,,92.200,1,5454.8,550764.774
9/1/1981,7.6,91477,51.3429,847,-1.133809524,73.1,,93.100,1,5449.5,546976.1
10/1/1981,7.9,91380,50.9463,731,-0.394761905,70.3,,93.400,1,5430.4,539542.946
11/1/1981,8.3,91171,50.3546,748,0.511111111,62.5,,93.800,1,5433.5,535372.16
12/1/1981,8.5,90895,49.8086,796,0.434090909,64.3,,94.100,1,5430.3,528441.278
1/1/1982,8.6,90565,48.7877,794,0.026,71.0,1.676,94.400,1,5419.4,525660.755
2/1/1982,8.9,90563,49.7839,808,-0.397777778,66.5,0.146111111,94.700,1,5439.4,534051.592
3/1/1982,9,90434,49.4477,891,-0.333043478,62.0,0.546521739,94.700,1,5435,534478.163
4/1/1982,9.3,90150,48.9913,888,-0.33047619,65.5,0.527142857,95.000,1,5466.4,535081.371
5/1/1982,9.4,90107,48.6669,953,-0.1545,67.5,0.9085,95.900,1,5468.1,537835.459
6/1/1982,9.6,89865,48.5415,913,-0.165909091,65.7,1.220909091,97.000,1,5445.2,530210.047
7/1/1982,9.8,89521,48.3775,1044,0.149047619,65.4,2.082857143,97.500,1,5425.2,528166.11
8/1/1982,9.8,89363,47.9382,926,0.731363636,65.4,4.057727273,97.700,1,5436.7,523323.625
9/1/1982,10.1,89183,47.8139,1042,0.555714286,69.3,4.146190476,97.700,1,5425.8,524334.178
10/1/1982,10.4,88907,47.3575,1149,0.719,73.4,2.939,98.100,1,5415.4,518937.752
11/1/1982,10.8,88786,47.2078,1229,0.754736842,72.1,2.204210526,98.000,1,5419.9,520350.844
12/1/1982,10.8,88771,46.8713,1351,0.877727273,71.9,2.337272727,97.700,0,5451.9,518920.929
1/1/1983,10.4,88990,47.7398,1426,1.12952381,70.4,2.34,97.900,0,5458.2,528823.39
2/1/1983,10.4,88917,47.4484,1471,1.088421053,74.6,2.330526316,98.000,0,5458.5,526595.607
3/1/1983,10.3,89090,47.8426,1475,0.850434783,80.8,1.846956522,98.100,0,5480.2,535427.434
4/1/1983,10.2,89364,48.4483,1566,0.832,89.1,1.8865,98.800,0,5489.2,535378.168
5/1/1983,10.1,89644,48.7470,1669,0.890952381,93.3,1.884285714,99.200,0,5514.5,543698.11
6/1/1983,10.1,90021,49.0434,1769,0.666818182,92.2,1.709090909,99.400,0,5529.9,557666.817
7/1/1983,9.4,90437,49.7739,1795,0.692,92.8,1.9275,99.800,0,5562.4,557370.019
8/1/1983,9.5,90129,50.3640,1713,0.775652174,90.9,2.106956522,100.100,0,5555.9,556459.2
9/1/1983,9.2,91247,51.0937,1585,0.863809524,89.9,2.292380952,100.400,0,5604.1,564975.004
10/1/1983,8.8,91520,51.4902,1716,0.97,89.3,2.553,100.800,0,5668.5,571165.694
11/1/1983,8.5,91875,51.7210,1668,1.025789474,91.1,2.578947368,101.100,0,5703.9,577027.144
12/1/1983,8.3,92230,51.9769,1627,0.992857143,94.2,2.471904762,101.400,0,5755.7,587714.256
1/1/1984,8,92673,53.0088,1816,1.031904762,100.1,2.41047619,102.100,0,5777.9,591512.542
2/1/1984,7.8,93157,53.2486,1987,1.056842105,97.4,2.382631579,102.600,0,5819.3,591194.116
3/1/1984,7.8,93429,53.5028,1725,1.004545455,101.0,2.429545455,102.900,0,5856.2,591699.993
4/1/1984,7.7,93792,53.8233,1776,0.9475,96.1,2.5605,103.300,0,5896.5,594977.983
5/1/1984,7.4,94098,54.1104,1741,0.938636364,98.1,3.185454545,103.500,0,5912.7,599678.678
6/1/1984,7.2,94479,54.3075,1814,0.656190476,95.5,3.302380952,103.700,0,5961.8,605012.621
7/1/1984,7.5,94789,54.4587,1605,0.484761905,96.6,2.831428571,104.100,0,5978.9,601781.494
8/1/1984,7.5,95032,54.5239,1530,0.28173913,99.1,1.815652174,104.400,0,6019.6,601630.092
9/1/1984,7.3,95344,54.3696,1523,0.317894737,100.9,1.726842105,104.700,0,6075.2,600888.699
10/1/1984,7.4,95629,54.3474,1490,0.560454545,96.3,2.035909091,105.100,0,6049.7,603409.675
11/1/1984,7.2,95982,54.5290,1643,0.923684211,95.7,2.647894737,105.300,0,6083.4,608766.448
12/1/1984,7.3,96107,54.5556,1626,1.318,92.9,3.162,105.500,0,6112.7,609494.624
1/1/1985,7.3,96372,54.5270,1660,1.453333333,96.0,3.364285714,105.700,0,6106.5,607972.185
2/1/1985,7.2,96503,54.6871,1662,1.343333333,93.7,2.951666667,106.300,0,6111.5,610042.557
3/1/1985,7.2,96842,54.7673,1727,1.142380952,93.7,3.025238095,106.800,0,6140.2,615382.508
4/1/1985,7.3,97038,54.6467,1664,1.345714286,94.6,3.212857143,107.000,0,6128.2,614751.664
5/1/1985,7.2,97312,54.7396,1709,1.452727273,91.8,3.113636364,107.200,0,6144.9,621873.601
6/1/1985,7.4,97459,54.7110,1716,1.468,96.5,2.976,107.500,0,6171.1,611587.827
7/1/1985,7.4,97648,54.4365,1697,1.533636364,94.0,2.990454545,107.700,0,6169.5,612761.799
8/1/1985,7.1,97840,54.6121,1808,1.388181818,92.4,2.961363636,107.900,0,6180.7,623898.313
9/1/1985,7.1,98045,54.8147,1916,1.39,92.1,3.04,108.100,0,6209.5,625572.154
10/1/1985,7.1,98233,54.6228,1743,1.372272727,88.4,2.835909091,108.500,0,6242.3,619804.43
11/1/1985,7,98443,54.8123,1692,1.200526316,90.9,2.305263158,109.000,0,6252.6,624340.505
12/1/1985,7,98609,55.3553,1794,1.112380952,93.9,1.929047619,109.500,0,6295.7,621004.838
1/1/1986,6.7,98732,55.6453,1847,1.051428571,95.6,1.891904762,109.900,0,6277.3,630338.938
2/1/1986,7.2,98847,55.2634,1767,0.736842105,95.9,1.413684211,109.700,0,6310.2,626753.336
3/1/1986,7.2,98934,54.8728,1780,0.564,95.1,1.0145,109.100,0,6369.7,627364.955
4/1/1986,7.1,99121,54.9350,1858,0.604090909,96.2,1.063636364,108.700,0,6390.2,639997.472
5/1/1986,7.2,99248,55.0399,1797,0.642380952,94.8,1.374761905,109.000,0,6394.4,633859.653
6/1/1986,7.2,99155,54.8260,1790,0.614761905,99.3,1.402857143,109.400,0,6395.7,637925.898
7/1/1986,7,99473,55.1670,1780,0.636818182,97.7,1.303636364,109.500,0,6416.9,641695.346
8/1/1986,6.9,99588,55.0726,1726,0.83952381,94.9,1.48047619,109.600,0,6441.9,642607.368
9/1/1986,7,99934,55.2237,1686,1.101428571,91.9,2.095238095,110.000,0,6448,657852.183
10/1/1986,7,100121,55.4589,1675,1.147272727,95.6,2.103181818,110.200,0,6448.9,648561.341
11/1/1986,6.9,100308,55.6763,1644,0.973888889,91.4,1.750555556,110.400,0,6461.9,646573.879
12/1/1986,6.6,100509,56.2078,1903,0.840909091,89.1,1.43,110.800,0,6485.2,660110.007
1/1/1987,6.6,100678,55.9911,1690,0.8585,90.4,1.5065,111.400,0,6473.4,639270.499
2/1/1987,6.6,100919,56.7373,1689,0.852631579,90.2,1.499473684,111.800,0,6493.4,662329.379
3/1/1987,6.6,101164,56.8136,1704,0.824090909,90.8,1.482727273,112.200,0,6511.4,662965.03
4/1/1987,6.3,101499,57.1850,1601,0.998571429,92.8,2.207142857,112.700,0,6507.7,661061.681
5/1/1987,6.3,101728,57.5424,1500,0.8515,91.1,2.7665,113.000,0,6542.1,659958.604
6/1/1987,6.2,101900,57.8502,1522,0.829090909,91.5,2.547727273,113.500,0,6546.4,663252.215
7/1/1987,6.1,102247,58.2421,1516,1.004545455,93.7,2.567727273,113.800,0,6570.7,669004.318
8/1/1987,6,102420,58.6784,1511,1.007619048,94.4,2.527142857,114.300,0,6613.8,666054.367
9/1/1987,5.9,102647,58.9088,1514,1.078095238,93.6,2.80047619,114.700,0,6622.5,673394.998
10/1/1987,6,103138,59.7008,1447,1.122380952,89.3,3.169047619,115.000,0,6670.6,672618.758
11/1/1987,5.8,103372,59.9956,1457,1.167894737,83.1,2.970526316,115.400,0,6709.9,670755.062
12/1/1987,5.7,103661,60.3246,1345,1.13,86.8,3.028181818,115.600,0,6793.8,676438.674
1/1/1988,5.7,103753,60.3090,1244,1.035789474,90.8,2.661052632,116.000,0,6765.9,674894.606
2/1/1988,5.7,104214,60.6122,1438,1.0315,91.6,2.3695,116.200,0,6800.9,682522.421
3/1/1988,5.7,104489,60.7452,1525,1.103043478,94.6,2.503478261,116.500,0,6808.8,693454.661
4/1/1988,5.4,104732,61.1080,1429,1.129,91.2,2.6355,117.200,0,6839.6,689735.681
5/1/1988,5.6,104962,60.9843,1444,1.093333333,94.8,2.634761905,117.500,0,6848.1,691900.981
6/1/1988,5.4,105326,61.1615,1485,0.895454545,94.7,2.257272727,118.000,0,6876.1,698684.064
7/1/1988,5.4,105550,61.1710,1439,0.777,93.4,2.108,118.500,0,6911.5,695850.67
8/1/1988,5.6,105674,61.4771,1460,0.63173913,97.4,1.960869565,119.000,0,6929.8,696253.209
9/1/1988,5.4,106013,61.2785,1436,0.513809524,97.3,1.499047619,119.500,0,6946.2,699007.297
10/1/1988,5.4,106276,61.5488,1516,0.4415,94.1,1.1985,119.900,0,6989.1,704433.764
11/1/1988,5.3,106617,61.7049,1508,0.2965,93.0,0.934,120.300,0,6988,707153.006
12/1/1988,5.3,106898,61.9851,1501,0.017142857,91.9,0.757142857,120.700,0,7026,716370.55
1/1/1989,5.4,107161,62.1677,1466,-0.084,97.9,0.533,121.200,0,7072.7,717188.846
2/1/1989,5.2,107427,61.8916,1383,-0.202631579,95.4,0.332105263,121.600,0,7093,709350.749
3/1/1989,5,107621,62.0508,1214,-0.321818182,94.3,0.215454545,122.200,0,7121.5,705128.294
4/1/1989,5.2,107791,62.0289,1376,-0.276,91.5,0.213,123.100,0,7099.5,711559.307
5/1/1989,5.2,107913,61.6871,1381,-0.158636364,90.7,0.123181818,123.700,0,7066.7,708387.058
6/1/1989,5.3,108027,61.6857,1322,-0.129090909,90.6,-0.157272727,124.100,0,7084,706202.533
7/1/1989,5.2,108069,61.0896,1283,0.199,92.0,-0.1285,124.500,0,7108.6,698959.233
8/1/1989,5.2,108120,61.6847,1334,-0.032173913,89.6,-0.057391304,124.500,0,7120.2,716702.194
9/1/1989,5.3,108369,61.4794,1314,-0.094,95.8,0.176,124.800,0,7137.5,711680.669
10/1/1989,5.3,108476,61.4014,1365,0.028571429,93.9,0.108095238,125.400,0,7172.8,704809.868
11/1/1989,5.4,108752,61.6081,1344,0.078571429,90.9,-0.06952381,125.900,0,7175.1,711113.51
12/1/1989,5.4,108836,61.9588,1422,0.059,90.5,-0.0435,126.300,0,7185.9,713463.857
1/1/1990,5.4,109196,61.6352,1748,0.121428571,93.0,0.308571429,127.500,0,7184.9,707890.794
2/1/1990,5.3,109436,62.1951,1329,0.102631579,89.5,0.471052632,128.000,0,7210.5,718408.479
3/1/1990,5.2,109640,62.4916,1246,-0.038181818,91.3,0.418636364,128.600,0,7216.8,722594.885
4/1/1990,5.4,109674,62.3511,1136,0.0615,93.9,0.745,128.900,0,7262.7,714267.734
5/1/1990,5.4,109828,62.5353,1067,0.115909091,90.6,0.751363636,129.100,0,7252.9,720071.506
6/1/1990,5.2,109850,62.7479,1108,0.129047619,88.3,0.493333333,129.900,0,7261.7,721932.799
7/1/1990,5.5,109815,62.6435,1078,0.314285714,88.2,0.596666667,130.500,0,7289.9,718064.819
8/1/1990,5.7,109606,62.8704,1069,0.691304348,76.4,1.05826087,131.600,1,7242,725287.691
9/1/1990,5.9,109523,62.8839,976,0.813684211,72.8,1.295263158,132.500,1,7231.3,711952.233
10/1/1990,5.9,109377,62.4973,925,0.841818182,63.9,1.319545455,133.400,1,7159.5,708898.944
11/1/1990,6.2,109222,61.7175,941,0.7935,66.0,1.1015,133.700,1,7156.9,700518.922
12/1/1990,6.3,109168,61.2885,861,0.761,65.5,1.1255,134.200,1,7186.8,693227.557
1/1/1991,6.4,109058,61.0842,786,0.967619048,66.8,1.682380952,134.700,1,7117.2,688659.039
2/1/1991,6.6,108735,60.6387,853,0.987894737,70.4,1.738421053,134.800,1,7116.1,692734.897
3/1/1991,6.8,108568,60.2973,911,1.007,87.7,2.0165,134.800,1,7120,688729.934
4/1/1991,6.7,108350,60.4524,916,1.090909091,81.8,2.213636364,135.100,0,7136.9,702300.908
5/1/1991,6.9,108253,61.0587,991,1.284090909,78.3,2.434090909,135.600,0,7134.8,708061.422
6/1/1991,6.9,108330,61.5514,964,1.328,82.1,2.533,136.000,0,7174.5,704890.376
7/1/1991,6.8,108290,61.7201,973,1.355,82.9,2.521818182,136.200,0,7156.6,714091.097
8/1/1991,6.9,108299,61.7289,944,1.466818182,82.0,2.402272727,136.600,0,7166.3,711082.268
9/1/1991,6.9,108335,62.2369,974,1.4685,83.0,2.2765,137.000,0,7185.1,714123.541
10/1/1991,7,108361,62.1718,991,1.615,78.3,2.383181818,137.200,0,7169.7,714844.506
11/1/1991,7,108300,62.0894,984,1.858421053,69.1,2.727894737,137.800,0,7186.3,712530.207
12/1/1991,7.3,108330,61.8060,1061,2.062857143,68.2,2.904285714,138.200,0,7232.8,703459.259
1/1/1992,7.3,108365,61.4823,1077,2.074285714,67.5,3.126190476,138.300,0,7251.5,717085.507
2/1/1992,7.4,108313,61.9192,1146,2.125789474,68.8,3.387894737,138.600,0,7290.1,718889.123
3/1/1992,7.4,108367,62.4403,1082,1.857272727,76.0,3.403636364,139.100,0,7294.4,721782.597
4/1/1992,7.4,108517,62.9199,1054,2.136190476,77.2,3.641428571,139.400,0,7313.2,726592.639
5/1/1992,7.6,108647,63.1268,1056,2.1665,79.2,3.673,139.700,0,7352.4,720270.973
6/1/1992,7.8,108707,63.1624,1057,2.213636364,80.4,3.516818182,140.100,0,7384.2,727863.941
7/1/1992,7.7,108792,63.7348,1089,2.489090909,76.6,3.565,140.500,0,7373.5,737611.395
8/1/1992,7.6,108916,63.3802,1075,2.392857143,76.1,3.386666667,140.800,0,7401,725877.682
9/1/1992,7.6,108952,63.5834,1114,2.520952381,75.6,3.446666667,141.100,0,7363.9,735969.997
10/1/1992,7.3,109138,64.0178,1132,2.506190476,73.3,3.656190476,141.700,0,7321,738948.786
11/1/1992,7.4,109283,64.2628,1118,2.293684211,85.3,3.667368421,142.100,0,7353.6,740208.073
12/1/1992,7.4,109502,64.3599,1176,2.096363636,91.0,3.478636364,142.300,0,7655,751730.303
1/1/1993,7.3,109790,64.6135,1177,2.21,89.3,3.528947368,142.800,0,7390.7,753613.224
2/1/1993,7.1,110048,64.9262,1148,2.160526316,86.6,3.266315789,143.100,0,7432.5,752647.131
3/1/1993,7,110004,64.8627,1056,2.025652174,85.9,2.960869565,143.300,0,7403.9,747888.758
4/1/1993,7.1,110300,65.0423,1104,2.131904762,85.6,3.039047619,143.800,0,7473.1,751753.133
5/1/1993,7.1,110571,64.8006,1112,2.0585,80.3,3.0105,144.200,0,7476.3,752943.928
6/1/1993,7,110742,64.9476,1130,1.799090909,81.5,2.818181818,144.300,0,7456.5,759904.85
7/1/1993,6.9,111054,65.1142,1174,1.733333333,77.0,2.694285714,144.500,0,7477.1,756227.926
8/1/1993,6.8,111200,65.0421,1230,1.676363636,77.3,2.587272727,144.800,0,7489.9,760103.116
9/1/1993,6.7,111449,65.3749,1251,1.512857143,77.9,2.351428571,145.000,0,7469.1,766871.78
10/1/1993,6.8,111734,65.8630,1287,1.4595,82.7,2.242,145.600,0,7439.5,770147.367
11/1/1993,6.6,111988,66.1696,1357,1.5685,81.2,2.5445,146.000,0,7461.7,774098.258
12/1/1993,6.5,112324,66.5531,1461,1.561818182,88.2,2.646363636,146.300,0,7752.5,776545.935
1/1/1994,6.6,112601,66.7591,1390,1.6105,94.3,2.706,146.300,0,7565,777430.32
2/1/1994,6.6,112782,66.8019,1269,1.498947368,93.2,2.642631579,146.700,0,7574.1,784541.443
3/1/1994,6.5,113245,67.4704,1342,1.487391304,91.5,2.89173913,147.100,0,7597.7,797604.136
4/1/1994,6.4,113589,67.8707,1392,1.422631579,92.6,3.191578947,147.200,0,7676.1,793403.311
5/1/1994,6.1,113922,68.1870,1396,1.215238095,92.8,2.915714286,147.500,0,7698.1,795323.482
6/1/1994,6.1,114239,68.6450,1357,1.17,91.2,2.852272727,147.900,0,7687.8,802624.459
7/1/1994,6.1,114608,68.7317,1335,1.168,89.0,2.8415,148.400,0,7706.9,799106.148
8/1/1994,6,114903,69.1882,1377,1.058695652,91.7,2.624347826,149.000,0,7716.3,817976.218
9/1/1994,5.9,115247,69.3935,1412,1.064761905,91.5,2.705714286,149.300,0,7752.9,814435.076
10/1/1994,5.8,115457,69.9576,1397,1.0155,92.7,2.642,149.400,0,7815.2,820651
11/1/1994,5.6,115868,70.4288,1340,0.8065,91.6,2.506,149.800,0,7811,827881.083
12/1/1994,5.5,116173,71.1273,1396,0.224285714,95.1,2.049047619,150.100,0,7843.2,834098.208
1/1/1995,5.6,116505,71.2635,1282,0.2725,97.6,1.878,150.500,0,7865,837783.544
2/1/1995,5.4,116694,71.1758,1254,0.357894737,95.1,1.53,150.900,0,7881.4,833069.631
3/1/1995,5.4,116908,71.2796,1226,0.429130435,90.3,1.294347826,151.200,0,7899.5,832775.237
4/1/1995,5.8,117065,71.1538,1259,0.494736842,92.5,1.224736842,151.800,0,7912.6,826543.692
5/1/1995,5.6,117047,71.4997,1271,0.461818182,89.8,0.785,152.100,0,7912.5,832629.842
6/1/1995,5.6,117291,71.7327,1305,0.452272727,92.7,0.529090909,152.400,0,7948.3,840655.39
7/1/1995,5.7,117382,71.4334,1354,0.498,94.4,0.685,152.600,0,7974.2,830716.88
8/1/1995,5.7,117646,72.3723,1386,0.507391304,96.2,0.922608696,152.900,0,7989.2,847545.417
9/1/1995,5.6,117873,72.6543,1421,0.3915,88.9,0.7635,153.100,0,8026.4,846509.63
10/1/1995,5.5,118026,72.5336,1400,0.347619048,90.2,0.60047619,153.500,0,8050.8,846951.822
11/1/1995,5.6,118165,72.7170,1430,0.451428571,88.2,0.412380952,153.700,0,8085.1,853885.107
12/1/1995,5.6,118325,72.9638,1442,0.387,91.0,0.4175,153.900,0,8094,857932.126
1/1/1996,5.6,118317,72.5712,1387,0.54,89.3,0.501904762,154.700,0,8102.2,849368.258
2/1/1996,5.5,118737,73.6207,1420,0.78,88.5,0.841,155.000,0,8172.2,857042.936
3/1/1996,5.5,118992,73.5141,1437,0.607619048,93.7,1.170952381,155.500,0,8196,857469.507
4/1/1996,5.6,119158,74.2491,1463,0.554090909,92.7,1.423636364,156.100,0,8210.4,865141.781
5/1/1996,5.6,119496,74.8142,1457,0.641818182,89.4,1.583181818,156.400,0,8251.9,871724.196
6/1/1996,5.3,119770,75.3726,1429,0.615,92.4,1.6805,156.700,0,8312.8,867614.693
7/1/1996,5.5,120019,75.3738,1450,0.595454545,94.7,1.567272727,157.000,0,8303,874466.269
8/1/1996,5.1,120198,75.7557,1413,0.606363636,95.3,1.446363636,157.200,0,8338,877467.888
9/1/1996,5.2,120400,76.2302,1392,0.598,94.7,1.5945,157.700,0,8369.8,880151.082
10/1/1996,5.2,120665,76.2157,1358,0.620909091,96.5,1.410454545,158.200,0,8375.9,887041.109
11/1/1996,5.4,120947,76.8973,1412,0.502105263,99.2,1.034210526,158.700,0,8405.9,893603.096
12/1/1996,5.4,121143,77.3772,1411,0.52047619,96.9,1.261904762,159.100,0,8442,887167.277
1/1/1997,5.3,121357,77.5135,1382,0.570952381,97.4,1.413333333,159.400,0,8477,898609
2/1/1997,5.2,121674,78.4255,1445,0.521052632,99.7,1.277368421,159.700,0,8516,916958
3/1/1997,5.2,121991,78.9197,1436,0.4725,100.0,1.41,159.800,0,8555.7,917376
4/1/1997,5.1,122288,78.9848,1421,0.437272727,101.4,1.580909091,159.900,0,8568.6,920441
5/1/1997,4.9,122560,79.4296,1414,0.434285714,103.2,1.514285714,159.900,0,8614.9,920215
6/1/1997,5,122816,79.7971,1402,0.399047619,104.5,1.422857143,160.200,0,8648.6,932603
7/1/1997,4.9,123114,80.4666,1440,0.329545455,107.1,1.025909091,160.400,0,8692.3,942048
8/1/1997,4.8,123086,81.2825,1449,0.35952381,104.4,1.019047619,160.800,0,8748.6,939378
9/1/1997,4.9,123575,82.0327,1494,0.326666667,106.0,1.123809524,161.200,0,8778.2,946972
10/1/1997,4.7,123924,82.7656,1499,0.257727273,105.6,0.916818182,161.500,0,8831.7,944230
11/1/1997,4.6,124226,83.4270,1469,0.162222222,107.2,0.593888889,161.700,0,8902.2,954274
12/1/1997,4.7,124549,83.7840,1456,0.093636364,102.1,0.504090909,161.800,0,8957.7,951871
1/1/1998,4.6,124806,84.1564,1555,0.1875,106.6,0.3655,162.000,0,9045,953719
2/1/1998,4.6,125017,84.3066,1647,0.156842105,110.4,0.344736842,162.000,0,9112.6,967109
3/1/1998,4.7,125165,84.3420,1605,0.085909091,106.5,0.485454545,162.000,0,9171.8,971898
4/1/1998,4.3,125446,84.6339,1547,0.073333333,108.7,0.554761905,162.200,0,9212.6,973216
5/1/1998,4.4,125846,85.1867,1554,0.059,106.5,0.5125,162.600,0,9262.9,976540
6/1/1998,4.5,126076,84.6809,1551,-0.023636364,105.6,0.372272727,162.800,0,9319.7,972634
7/1/1998,4.5,126211,84.3445,1610,0.003181818,105.2,0.366818182,163.200,0,9343.9,966951
8/1/1998,4.5,126546,86.0816,1654,0.073333333,104.4,0.300952381,163.400,0,9384,977500
9/1/1998,4.6,126744,86.0023,1577,0.14047619,100.9,0.067619048,163.500,0,9414.7,986814
10/1/1998,4.5,126948,86.5910,1719,0.438095238,97.4,0.45952381,163.900,0,9433.7,995183
11/1/1998,4.4,127223,86.5115,1672,0.287368421,102.7,0.296315789,164.100,0,9478.1,999456
12/1/1998,4.4,127595,86.8615,1742,0.138636364,100.5,0.148181818,164.400,0,9497.8,1007152
1/1/1999,4.3,127699,87.2205,1732,0.106842105,103.9,0.275789474,164.700,0,9526.4,1005803
2/1/1999,4.4,128118,87.7260,1720,0.122631579,108.1,0.443684211,164.700,0,9569.7,1021353
3/1/1999,4.2,128234,87.9125,1665,0.179565217,105.7,0.666086957,164.800,0,9574.7,1019851
4/1/1999,4.3,128596,88.1082,1600,0.207727273,104.6,0.775454545,165.900,0,9556.6,1018152
5/1/1999,4.2,128813,88.6483,1640,0.285,106.8,0.9085,166.000,0,9577.7,1033086
6/1/1999,4.3,129084,88.5903,1702,0.280909091,107.3,1.184090909,166.000,0,9612.4,1034140
7/1/1999,4.3,129421,89.1098,1682,0.237142857,106.0,1.106190476,166.700,0,9639.2,1035484
8/1/1999,4.2,129572,89.5007,1671,0.260909091,104.5,1.065454545,167.100,0,9681.7,1043658
9/1/1999,4.2,129772,89.1304,1551,0.253333333,107.2,1.092857143,167.800,0,9676.6,1041766
10/1/1999,4.1,130178,90.2709,1649,0.2495,103.2,1.0885,168.100,0,9739.5,1050919
11/1/1999,4.1,130467,90.7528,1672,0.172,107.2,0.8065,168.400,0,9816.9,1056351
12/1/1999,4,130783,91.4784,1683,0.170909091,105.4,0.918636364,168.800,0,9904,1060927
1/1/2000,4,131011,91.4092,1727,0.221,112.0,1.162,169.300,0,10000.3,1069375
2/1/2000,4.1,131121,91.7245,1692,-0.091,111.3,0.7925,170.000,0,10045.9,1050132
3/1/2000,4,131604,92.0830,1651,-0.27173913,107.1,0.392608696,171.000,0,10078.6,1062548
4/1/2000,3.8,131883,92.6659,1597,-0.413157895,109.2,0.168947368,170.900,0,10127.6,1071378
5/1/2000,4,132105,92.9347,1543,-0.369090909,110.7,0.445909091,171.200,0,10135.7,1065692
6/1/2000,4,132062,93.0018,1572,-0.384545455,106.4,0.235454545,172.200,0,10184.3,1072737
7/1/2000,4,132228,92.8373,1542,-0.285,108.3,-0.0885,172.700,0,10244.3,1065977
8/1/2000,4.1,132234,92.5910,1552,-0.402608696,107.3,-0.451304348,172.700,0,10298.3,1066347
9/1/2000,3.9,132338,92.9827,1570,-0.2825,106.8,-0.376,173.600,0,10308.4,1077852
10/1/2000,3.9,132352,92.6400,1577,-0.173809524,105.8,-0.556190476,173.900,0,10337.7,1069627
11/1/2000,3.9,132556,92.6604,1614,-0.158095238,107.6,-0.639047619,174.200,0,10350.5,1061839
12/1/2000,3.9,132716,92.3457,1543,-0.1115,98.4,-0.6965,174.600,0,10354.8,1070164
1/1/2001,4.2,132703,91.8908,1699,0.400952381,94.7,-0.124285714,175.600,0,10400.3,1061578
2/1/2001,4.2,132788,91.2851,1656,0.442105263,90.6,0.093684211,176.000,0,10421.6,1066262
3/1/2001,4.3,132751,91.0585,1659,0.543181818,91.5,0.35,176.100,0,10452.6,1053481
4/1/2001,4.4,132457,90.7384,1666,0.907,88.4,1.175,176.400,1,10410.4,1045172
5/1/2001,4.3,132409,90.2607,1665,1.131363636,92.0,1.688181818,177.300,1,10376.7,1054208
6/1/2001,4.5,132299,89.7811,1626,1.204285714,92.6,1.719047619,177.700,1,10362.4,1039840
7/1/2001,4.6,132171,89.2352,1598,1.197619048,92.4,1.642857143,177.400,1,10360.8,1043806
8/1/2001,4.9,132021,89.1570,1615,1.213913043,91.5,1.533478261,177.400,1,10353.3,1052430
9/1/2001,5,131763,88.6749,1565,1.612941176,81.8,2.039411765,178.100,1,10339.7,1030304
10/1/2001,5.3,131452,88.4051,1566,1.840909091,82.7,2.369090909,177.600,1,10281.1,1060915
11/1/2001,5.5,131144,87.8860,1651,1.869,83.9,2.745,177.500,1,10274.1,1055757
12/1/2001,5.7,130983,87.8518,1680,1.9805,88.8,3.3675,177.400,0,10277.7,1057834
1/1/2002,5.7,130859,88.4634,1665,2.007619048,93.0,3.350952381,177.700,0,10282.4,1056809
2/1/2002,5.7,130736,88.4578,1787,1.896315789,90.7,3.154736842,178.000,0,10284.8,1060653
3/1/2002,5.7,130722,89.1265,1691,1.7265,95.7,3.459,178.500,0,10284.1,1055421
4/1/2002,5.9,130615,89.5507,1669,1.788181818,93.0,3.465909091,179.300,0,10280,1067559
5/1/2002,5.8,130632,89.9348,1716,1.900454545,96.9,3.404090909,179.500,0,10307.9,1069774
6/1/2002,5.8,130673,90.6736,1758,1.9335,92.4,3.1945,179.600,0,10339.8,1073259
7/1/2002,5.8,130583,90.6436,1738,2.096363636,88.1,2.939545455,180.000,0,10302.9,1070268
8/1/2002,5.7,130582,90.5505,1695,2.123636364,87.6,2.61,180.500,0,10300.4,1080545
9/1/2002,5.7,130503,90.6373,1803,1.8655,86.1,2.211,180.800,0,10302.1,1071285
10/1/2002,5.7,130617,90.3988,1799,2.029090909,80.6,2.330909091,181.200,0,10322.1,1066346
11/1/2002,5.9,130616,90.8947,1771,2.125263158,84.2,2.793684211,181.500,0,10344.9,1077771
12/1/2002,6,130465,90.3906,1896,2.196190476,86.7,2.821428571,181.800,0,10360.2,1069405
1/1/2003,5.8,130573,91.1369,1808,2.305238095,82.4,2.85952381,182.600,0,10324.3,1075692
2/1/2003,5.9,130441,91.2505,1854,2.274736842,79.9,2.717368421,183.600,0,10285.2,1063803
3/1/2003,5.9,130235,91.0006,1757,2.233333333,77.6,2.656190476,183.900,0,10298.6,1073501
4/1/2003,6,130172,90.4311,1803,2.336190476,86.0,2.806190476,183.200,0,10341,1070393
5/1/2003,6.1,130196,90.4000,1835,2.153809524,92.1,2.480952381,182.900,0,10417.3,1079781
6/1/2003,6.3,130185,90.5196,1875,2.107142857,89.7,2.398095238,183.100,0,10450,1089890
7/1/2003,6.2,130184,90.9869,1885,2.501363636,90.9,3.055,183.700,0,10457.1,1098175
8/1/2003,6.1,130153,90.7933,1966,2.580952381,89.3,3.476190476,184.500,0,10473.1,1097724
9/1/2003,6.1,130253,91.3819,1961,2.568095238,87.7,3.319047619,185.100,0,10491.3,1102189
10/1/2003,6,130440,91.5049,2012,2.542727273,89.6,3.348636364,184.900,0,10547.7,1104794
11/1/2003,5.8,130481,92.1265,1918,2.373333333,93.7,3.347777778,185.000,0,10621.1,1109066
12/1/2003,5.7,130589,92.1732,1987,2.360454545,92.6,3.353181818,185.500,0,10611.8,1105930
1/1/2004,5.7,130756,92.3268,1952,2.3895,103.8,3.25,186.300,0,10578,1100415
2/1/2004,5.6,130820,92.8995,1966,2.344210526,94.4,3.139473684,186.700,0,10580.1,1108947
3/1/2004,5.8,131139,92.5368,2066,2.248695652,95.8,2.873043478,187.100,0,10619.2,1134983
4/1/2004,5.6,131412,92.8957,2070,2.276666667,94.2,3.38952381,187.400,0,10655.2,1122891
5/1/2004,5.6,131697,93.5845,2150,2.182,90.2,3.676,188.200,0,10720.8,1126018
6/1/2004,5.6,131794,92.8651,2020,1.97047619,95.6,3.445714286,188.900,0,10734.6,1124971
7/1/2004,5.5,131853,93.5502,2112,1.85952381,96.7,3.14047619,189.100,0,10788.8,1126633
8/1/2004,5.4,131940,93.6301,2056,1.773181818,95.9,2.778181818,189.200,0,10816.8,1136416
9/1/2004,5.4,132091,93.7353,2041,1.60047619,94.2,2.444285714,189.800,0,10834.4,1141076
10/1/2004,5.5,132431,94.5695,2097,1.5125,91.7,2.3025,190.800,0,10842.5,1143491
11/1/2004,5.4,132504,94.8015,2079,1.342,92.8,2.0865,191.700,0,10809,1145583
12/1/2004,5.4,132629,95.5415,2082,1.219090909,97.1,2.008181818,191.700,0,11216.7,1163441
1/1/2005,5.3,132781,95.8785,2139,0.999,95.5,1.8505,191.600,0,10842,1167649
2/1/2005,5.4,133033,96.5709,2114,0.780526316,94.1,1.585789474,192.400,0,10836.7,1168023
3/1/2005,5.2,133152,96.4345,2062,0.770909091,92.6,1.701818182,193.100,0,10877.8,1160056
4/1/2005,5.2,133519,96.6347,2150,0.687142857,87.7,1.504285714,193.700,0,10909.6,1177581
5/1/2005,5.1,133689,96.7251,2085,0.50047619,86.9,1.242380952,193.600,0,10963.9,1175330
6/1/2005,5,133947,97.1483,2178,0.357727273,96.0,0.961818182,193.700,0,10996.5,1186461
7/1/2005,5,134300,96.8397,2203,0.3065,96.5,0.89,194.900,0,11029.5,1185681
8/1/2005,4.9,134503,97.1584,2219,0.21826087,89.1,0.744347826,196.100,0,11028.8,1188599
9/1/2005,5,134554,95.2764,2263,0.252857143,76.9,0.704761905,198.800,0,10998.5,1182865
10/1/2005,5,134643,96.4411,2170,0.1925,74.2,0.671,199.100,0,11081.4,1182725
11/1/2005,5,134999,97.5016,2218,0.1185,81.6,0.5605,198.100,0,11158.5,1198972
12/1/2005,4.9,135158,97.9723,2120,0.062857143,91.5,0.496190476,198.100,0,11206.7,1205870
1/1/2006,4.7,135426,98.1270,2212,0.0205,91.2,0.08,199.300,0,11309.9,1212206
2/1/2006,4.8,135731,98.1687,2141,-0.099473684,86.7,0.029473684,199.400,0,11389.7,1215079
3/1/2006,4.7,136036,98.3913,2118,-0.01,88.9,0.096086957,199.700,0,11441.6,1217128
4/1/2006,4.7,136208,98.6826,1998,0.101578947,87.4,0.268947368,200.700,0,11453.9,1205627
5/1/2006,4.6,136249,98.7074,1905,0.141818182,79.1,0.273636364,201.300,0,11437.1,1215535
6/1/2006,4.6,136335,99.0398,1867,-0.015454545,84.9,0.188636364,201.800,0,11447.3,1212189
7/1/2006,4.7,136529,98.9751,1763,-0.031,84.7,0.011,202.900,0,11430.6,1206927
8/1/2006,4.7,136693,99.4047,1722,-0.026956522,82.0,-0.213913043,203.800,0,11414.5,1213695
9/1/2006,4.5,136829,99.2246,1655,-0.05,85.4,-0.211,202.800,0,11486.6,1213475
10/1/2006,4.4,136846,99.1229,1570,-0.066666667,93.6,-0.317142857,201.900,0,11562.6,1214355
11/1/2006,4.5,137061,99.0963,1535,-0.145238095,92.1,-0.478095238,202.000,0,11624.9,1215059
12/1/2006,4.4,137249,100.1125,1638,-0.109,91.7,-0.4085,203.100,0,11683.5,1234494
1/1/2007,4.6,137472,99.7546,1626,-0.116666667,96.9,-0.345714286,203.437,0,11666.7,1226965
2/1/2007,4.5,137558,100.7166,1598,-0.126315789,91.3,-0.440526316,204.226,0,11713.7,1234327
3/1/2007,4.4,137782,100.8952,1596,-0.009090909,88.4,-0.515454545,205.288,0,11765.5,1235875
4/1/2007,4.5,137845,101.5723,1470,0.027619048,87.1,-0.312857143,205.904,0,11801.5,1233744
5/1/2007,4.4,137993,101.6269,1493,-0.02,88.3,-0.121363636,206.755,0,11811.5,1242000
6/1/2007,4.6,138069,101.6547,1407,0.122380952,85.3,0.360952381,207.234,0,11807.8,1240587
7/1/2007,4.7,138044,101.4953,1361,0.185238095,90.4,0.043333333,207.603,0,11812,1233195
8/1/2007,4.6,138013,101.6943,1321,0.36173913,83.4,0.357826087,207.667,0,11798.6,1248674
9/1/2007,4.7,138101,101.9428,1261,0.51,83.4,0.527368421,208.547,0,11808.3,1249279
10/1/2007,4.7,138177,101.6446,1192,0.56,80.9,0.525,209.190,0,11791.6,1255916
11/1/2007,4.7,138291,102.2167,1224,0.812,76.1,0.794,210.834,0,11784.9,1252867
12/1/2007,5,138395,102.2764,1149,0.9805,75.5,1.031,211.445,0,11825.3,1242662
1/1/2008,5,138391,102.1493,1094,1.268571429,78.4,0.924285714,212.174,1,11830.2,1248910
2/1/2008,4.9,138327,101.7756,1014,1.7645,70.8,1.5635,212.687,1,11841.2,1236974
3/1/2008,5.1,138257,101.4508,967,1.893,69.5,2.2265,213.448,1,11844.7,1220580
4/1/2008,5,138038,100.7554,1008,1.627727273,62.6,2.363181818,213.942,1,11775,1233018
5/1/2008,5.4,137851,100.1336,995,1.434285714,59.8,2.115714286,215.208,1,11728.6,1224494
6/1/2008,5.6,137698,99.8728,1180,1.325714286,56.4,2.209047619,217.463,1,11669.1,1222857
7/1/2008,5.8,137498,99.4194,921,1.434545455,61.2,2.352727273,219.016,1,11623.9,1201769
8/1/2008,6.1,137211,97.8491,858,1.465238095,63.0,2.132857143,218.690,1,11680.1,1192943
9/1/2008,6.1,136762,93.5576,797,1.61,70.3,2.53952381,218.877,1,11678.3,1163601
10/1/2008,6.5,136293,94.4985,736,2.201818182,57.6,3.128181818,216.995,1,11749.8,1152758
11/1/2008,6.8,135543,93.2617,626,2.313888889,55.3,3.332777778,213.153,1,11812.4,1121305
12/1/2008,7.3,134847,90.6266,554,1.595454545,60.1,2.382272727,211.398,1,11680.5,1115214
1/1/2009,7.8,134078,88.3712,545,1.7105,61.2,2.388,211.933,1,11475.8,1091570
2/1/2009,8.3,133317,87.8430,558,1.894736842,56.3,2.574736842,212.705,1,11296.4,1098345
3/1/2009,8.7,132492,86.4689,513,1.888181818,57.3,2.603636364,212.495,1,11225.3,1075682
4/1/2009,9,131821,85.7903,521,2,65.1,2.769047619,212.709,1,11215.7,1067305
5/1/2009,9.4,131468,84.9436,556,2.3635,68.7,3.116,213.022,1,11207.2,1067765
6/1/2009,9.5,131007,84.6746,601,2.537727273,70.8,3.543181818,214.790,1,11120.7,1066077
7/1/2009,9.5,130662,85.6853,595,2.543181818,66.0,3.378636364,214.726,0,11067.3,1081824
8/1/2009,9.6,130472,86.6393,616,2.471904762,65.7,3.415238095,215.445,0,11040.4,1082444
9/1/2009,9.8,130247,87.3821,609,2.445714286,73.5,3.278571429,215.861,0,11032.9,1083725
10/1/2009,10,130062,87.5809,583,2.438571429,70.6,3.313333333,216.509,0,11031.5,1089060
11/1/2009,9.9,130058,87.9388,623,2.599473684,67.4,3.350526316,217.234,0,11063.7,1097236
12/1/2009,9.9,129808,88.2404,664,2.715454545,72.5,3.535454545,217.347,0,11090.7,1100924
1/1/2010,9.8,129802,89.1897,636,2.804210526,74.4,3.671578947,217.488,0,11065.2,1097775
2/1/2010,9.8,129705,89.5046,650,2.834210526,73.6,3.582105263,217.281,0,11055.9,1105025
3/1/2010,9.9,129865,90.1356,687,2.768695652,73.6,3.576956522,217.353,0,11099.4,1119036
4/1/2010,9.9,130120,90.4607,637,2.786363636,72.2,3.684545455,217.403,0,11218.9,1129045
5/1/2010,9.6,130643,91.7014,575,2.5895,73.6,3.26,217.290,0,11326.7,1125510
6/1/2010,9.4,130509,91.9033,587,2.479545455,76.0,3.080454545,217.199,0,11339.4,1136355
7/1/2010,9.4,130415,92.2549,579,2.394761905,67.8,2.853809524,217.605,0,11368.1,1145984
8/1/2010,9.5,130416,92.5936,580,2.178181818,68.9,2.543636364,217.923,0,11387.7,1146566
9/1/2010,9.5,130342,92.8533,563,2.167619048,68.2,2.495714286,218.275,0,11399.6,1146388
10/1/2010,9.4,130621,92.6033,558,2.164,67.7,2.4055,219.035,0,11418.9,1152306
11/1/2010,9.8,130749,92.6686,560,2.309,71.6,2.62,219.590,0,11440.1,1155595
12/1/2010,9.3,130830,93.5916,632,2.672727273,74.5,3.15,220.472,0,11523.9,1157650
1/1/2011,9.1,130837,93.3889,576,2.7795,74.2,3.242,221.187,0,11708.4,1171839
2/1/2011,9,131056,93.0045,542,2.803684211,77.5,3.444210526,221.898,0,11761.8,1155055
3/1/2011,9,131282,93.9684,583,2.716956522,67.5,3.313913043,223.046,0,11734,1168286
4/1/2011,9.1,131597,93.6571,581,2.7205,69.8,3.3965,224.093,0,11719.4,1164024
5/1/2011,9,131704,93.7723,618,2.613333333,74.3,3.127619048,224.806,0,11715.9,1154888
6/1/2011,9.1,131931,94.0493,636,2.591818182,71.5,2.965,224.806,0,11785.7,1166558
7/1/2011,9,131993,94.4958,621,2.5965,63.7,2.9655,225.395,0,11856.3,1171851
8/1/2011,9,132125,95.0974,647,2.072608696,55.8,2.278695652,226.106,0,11854.7,1180548
9/1/2011,9,132344,95.0244,610,1.763809524,59.5,1.961428571,226.597,0,11840.1,1172878
10/1/2011,8.8,132553,95.6891,671,1.8715,60.8,2.133,226.750,0,11842.3,1187685
11/1/2011,8.6,132690,95.6778,706,1.76,63.7,1.9995,227.169,0,11829.9,1183388
12/1/2011,8.5,132888,96.1809,697,1.720952381,69.9,1.966666667,227.223,0,11949.8,1193759
1/1/2012,8.3,133245,96.7595,712,1.726,75.0,1.932,227.842,0,12032,1200818
2/1/2012,8.3,133508,97.0662,738,1.6895,75.3,1.8755,228.329,0,12108.5,1205143
3/1/2012,8.2,133748,96.5609,806,1.828181818,76.2,2.088636364,228.807,0,12142.7,1204027
4/1/2012,8.2,133825,97.2510,732,1.760952381,76.4,1.969047619,229.187,0,12191.2,1207954
5/1/2012,8.2,133933,97.4595,796,1.518181818,79.3,1.713636364,228.713,0,12183,1211617
6/1/2012,8.2,134012,97.4768,794,1.33047619,73.2,1.530952381,228.524,0,12168.5,1208240
7/1/2012,8.2,134157,97.6714,849,1.278571429,72.3,1.42952381,228.590,0,12080.6,1210539
8/1/2012,8.1,134338,97.2734,840,1.409565217,74.3,1.575652174,229.918,0,12061.8,1209461
9/1/2012,7.8,134517,97.2217,930,1.467894737,78.3,1.617894737,231.015,0,12161.3,1211283
10/1/2012,7.8,134668,97.5311,887,1.469047619,82.6,1.641428571,231.638,0,12268.6,1206602
11/1/2012,7.7,134825,97.9084,917,1.386,82.7,1.5605,231.249,0,12457.7,1228837
12/1/2012,7.9,135074,98.1884,941,1.462,72.9,1.649,231.221,0,12812.9,1233388
1/1/2013,8,135257,98.1736,940,1.64952381,73.8,1.84047619,231.679,0,12052.3,1237216
2/1/2013,7.7,135545,98.6434,980,1.716842105,77.6,1.885263158,232.937,0,12028.1,1242279
3/1/2013,7.5,135689,99.0470,936,1.7015,78.6,1.8705,232.282,0,12065.8,1235591
4/1/2013,7.6,135873,98.9445,1012,1.526818182,76.4,1.699090909,231.797,0,12133.9,1233842
5/1/2013,7.5,136095,99.0383,1003,1.677727273,84.5,1.884090909,231.893,0,12186.3,1247803
6/1/2013,7.5,136279,99.2221,942,1.9665,84.1,2.2495,232.445,0,12182.7,1243929
7/1/2013,7.3,136391,98.8987,997,2.241363636,85.1,2.546818182,232.900,0,12155,1244157
8/1/2013,7.2,136646,99.4897,964,2.380909091,82.1,2.693636364,233.456,0,12176.8,1249320
9/1/2013,7.2,136821,100.0210,1004,2.4055,77.5,2.7935,233.544,0,12235.2,1253661
10/1/2013,7.2,137041,99.9037,1044,2.280454545,73.2,2.568636364,233.669,0,12189,1260475
11/1/2013,6.9,137316,100.1582,1029,2.414736842,75.1,2.650526316,234.100,0,12228,1275801
12/1/2013,6.7,137373,100.3740,1005,2.561904762,82.5,2.835238095,234.719,0,12256.4,1270949
1/1/2014,6.6,137561,99.9899,976,2.464285714,81.2,2.814761905,235.288,0,12325.9,1258055
2/1/2014,6.7,137712,100.7471,1039,2.382631579,81.6,2.656842105,235.547,0,12398.8,1268722
3/1/2014,6.7,137985,101.7435,1067,2.324285714,80.0,2.670952381,236.028,0,12463,1279006
4/1/2014,6.2,138297,101.8273,1090,2.288095238,84.1,2.674285714,236.468,0,12494.1,1280443
5/1/2014,6.3,138512,102.2392,1018,2.17,81.9,2.526666667,236.918,0,12517.4,1283964
6/1/2014,6.1,138849,102.5774,1010,2.146190476,82.5,2.562857143,237.231,0,12562.1,1283791
7/1/2014,6.2,139073,102.7954,1076,2.035909091,81.8,2.515909091,237.498,0,12593.5,1291656
8/1/2014,6.1,139269,102.6322,1047,1.947619048,82.5,2.387142857,237.460,0,12657.1,1294102
9/1/2014,5.9,139563,102.9417,1077,1.967619048,84.6,2.514285714,237.477,0,12701.3,1293829
10/1/2014,5.7,139797,102.9611,1094,1.858636364,86.9,2.287272727,237.430,0,12769.9,1295747
11/1/2014,5.8,140090,103.5978,1059,1.798333333,88.8,2.303888889,236.983,0,12848.6,1298950
12/1/2014,5.6,140364,103.6151,1072,1.571818182,93.6,2.178181818,236.252,0,12933.1,1306392
1/1/2015,5.7,140568,102.7923,1049,1.33,98.1,1.854,234.747,0,13038.7,1308978
2/1/2015,5.5,140827,102.1366,1127,1.356315789,95.4,1.957368421,235.342,0,13086.9,1303724
3/1/2015,5.4,140923,101.7869,1072,1.402272727,93.0,2.015,235.976,0,13043.4,1310961
4/1/2015,5.4,141196,101.2255,1166,1.395,95.9,1.911818182,236.222,0,13080.5,1321167
5/1/2015,5.6,141538,100.7675,1272,1.5885,90.7,2.181,237.001,0,13108.5,1307579
6/1/2015,5.3,141709,100.4588,1379,1.675,96.1,2.348636364,237.657,0,13116.2,1309833
7/1/2015,5.2,141991,101.0893,1140,1.656818182,93.1,2.292272727,238.034,0,13138.7,1313431
8/1/2015,5.1,142125,100.9165,1165,1.46952381,91.9,2.095238095,238.033,0,13165.5,1315072
9/1/2015,5,142275,100.6330,1144,1.45952381,87.2,2.148571429,237.498,0,13200.8,1327948
10/1/2015,5,142579,100.1563,1160,1.425238095,90.0,2.053333333,237.733,0,13235.8,1325144
11/1/2015,5.1,142808,99.4366,1244,1.378421053,91.3,2.136842105,238.017,0,13227.7,1322511
12/1/2015,5,143077,98.9471,1211,1.26,92.6,2.014090909,237.761,0,13278.2,1320606
1/1/2016,4.8,143210,99.4391,1171,1.185789474,92.0,1.827894737,237.652,0,13294.9,1321509
2/1/2016,4.9,143407,98.9232,1172,1.046,91.7,1.465,237.336,0,13288.1,1332078
3/1/2016,5,143662,98.1635,1118,1.014090909,91.0,1.591818182,238.080,0,13286.4,1332612
4/1/2016,5.1,143855,98.4775,1160,1.037142857,89.0,1.577142857,238.992,0,13263,1331387
5/1/2016,4.8,143900,98.2549,1205,0.99,94.7,1.52952381,239.557,0,13253.1,1323914
6/1/2016,4.9,144146,98.7315,1208,0.912727273,93.5,1.371363636,240.222,0,13272.8,1331850
7/1/2016,4.8,144520,98.8452,1198,0.8315,90.0,1.203,240.101,0,13334.6,1330786
8/1/2016,4.9,144662,98.7427,1201,0.819130435,89.8,1.256956522,240.545,0,13344.9,1340941
9/1/2016,5,144967,98.6552,1303,0.85952381,91.2,1.336190476,241.176,0,13385.3,1342844
10/1/2016,4.9,145066,98.7237,1254,0.9215,87.2,1.433,241.741,0,13402.3,1344497
11/1/2016,4.7,145183,98.3443,1230,1.1625,93.8,1.6895,242.026,0,13450.8,1345017
12/1/2016,4.7,145408,99.0406,1248,1.295238095,98.2,1.98,242.637,0,13499.3,1361415
1/1/2017,4.7,145628,98.8158,1303,1.226,98.5,1.9135,243.618,0,13541.3,1365202
2/1/2017,4.6,145848,98.4356,1234,1.217894737,96.3,1.892631579,244.006,0,13589.2,1363025
3/1/2017,4.4,145969,99.0492,1272,1.168695652,96.9,1.733913043,243.892,0,13642.8,1360169
4/1/2017,4.4,146174,100.0416,1251,1.056315789,97.0,1.488947368,244.193,0,13682.6,1355381
5/1/2017,4.4,146380,100.1280,1208,1.001818182,97.1,1.400454545,244.004,0,13780.7,1360858
6/1/2017,4.3,146583,100.3370,1353,0.844545455,95.0,1.187727273,244.163,0,13790.9,1365370
7/1/2017,4.3,146772,100.0865,1256,0.9455,93.4,1.2315,244.243,0,13837.7,1370870
8/1/2017,4.4,146919,99.6323,1319,0.873913043,96.8,1.176956522,245.183,0,13860.4,1378509
9/1/2017,4.3,147007,99.7482,1273,0.8175,95.1,1.1555,246.435,0,13903.9,1385196
10/1/2017,4.2,147150,100.9893,1356,0.81047619,100.7,1.266666667,246.626,0,13963.2,1393064
11/1/2017,4.2,147373,101.2493,1299,0.656666667,98.5,1.102857143,247.284,0,14028.2,1403474
12/1/2017,4.1,147523,101.4871,1311,0.5585,95.9,1.061,247.805,0,14062.3,1412747
1/1/2018,4,147660,101.4852,1317,0.551904762,95.7,1.151428571,248.859,0,14042.8,1394188
2/1/2018,4.1,148054,101.7319,1321,0.683684211,99.7,1.271052632,249.529,0,14068.6,1401163
3/1/2018,4,148280,102.1943,1385,0.566666667,101.4,1.115714286,249.577,0,14103,1398064
4/1/2018,4,148422,103.3551,1378,0.484761905,98.8,1.080952381,250.227,0,14121.8,1398213
5/1/2018,3.8,148740,102.3810,1338,0.465909091,98.0,1.078181818,250.792,0,14163.6,1408616
6/1/2018,4,148959,103.2256,1345,0.379047619,98.2,0.977142857,251.018,0,14226,1402036
7/1/2018,3.8,149020,103.3561,1334,0.282380952,97.9,0.894285714,251.214,0,14298.5,1405164
8/1/2018,3.8,149279,104.0585,1273,0.253478261,96.2,0.816521739,251.663,0,14356.7,1412014
9/1/2018,3.7,149358,104.1038,1314,0.236315789,100.1,0.838947368,252.182,0,14354,1411531
10/1/2018,3.8,149526,103.9297,1272,0.291363636,98.6,0.859090909,252.772,0,14370.2,1406996
11/1/2018,3.8,149617,104.0126,1340,0.258,97.5,0.743,252.594,0,14411.1,1411645
12/1/2018,3.9,149809,104.0451,1317,0.156315789,98.3,0.420526316,252.767,0,14599.3,1408513
1/1/2019,4,150059,103.3598,1254,0.17047619,91.2,0.29,252.561,0,14598.4,1411462
2/1/2019,3.8,150065,102.8251,1286,0.172105263,93.8,0.238421053,253.319,0,14633.7,1408768
3/1/2019,3.8,150295,102.8361,1295,0.161428571,98.4,0.117142857,254.277,0,14657.7,1405640
4/1/2019,3.7,150593,102.2748,1322,0.187619048,97.2,0.09952381,255.233,0,14643.3,1394958
5/1/2019,3.6,150621,102.4176,1347,0.188636364,100.0,-0.008181818,255.296,0,14641.9,1403604
6/1/2019,3.6,150839,102.5425,1299,0.26,98.2,-0.1455,255.213,0,14660.2,1405269
7/1/2019,3.7,150936,102.0057,1379,0.224090909,98.4,-0.085909091,255.802,0,14651.8,1406165
8/1/2019,3.6,151171,102.7814,1482,0.055,89.8,-0.364090909,256.036,0,14726.5,1409855
9/1/2019,3.5,151365,102.4601,1469,0.0515,93.2,-0.235,256.430,0,14755.6,1405353
10/1/2019,3.6,151460,101.5878,1523,0.155454545,95.5,0.028181818,257.155,0,14786.5,1389568
11/1/2019,3.6,151668,102.1494,1535,0.199473684,96.8,0.24,257.879,0,14855.3,1396759
12/1/2019,3.6,151795,101.9421,1443,0.24952381,99.3,0.297619048,258.630,0,14796.5,1390886
1/1/2020,3.6,152031,101.3372,1495,0.238571429,99.8,0.205238095,259.127,0,14957.6,1389179
2/1/2020,3.5,152292,101.6718,1455,0.173157895,101.0,-0.040526316,259.250,0,15040.1,1395260
3/1/2020,4.4,150895,97.6060,1346,0.421818182,89.1,0.574545455,258.076,1,14689.4,1334425
4/1/2020,14.8,130424,84.6812,1076,0.432857143,71.8,0.51952381,256.032,1,13800.6,1183939
5/1/2020,13.2,133040,86.0108,1250,0.5035,72.3,0.5465,255.802,0,14122.3,1278041
6/1/2020,11,137671,91.6745,1334,0.543636364,78.1,0.569090909,257.042,0,14442,1375409
7/1/2020,10.2,139255,95.0037,1546,0.475454545,72.5,0.496818182,258.352,0,14560.2,1412258
8/1/2020,8.4,140819,95.9294,1533,0.51047619,74.1,0.545714286,259.316,0,14718.6,1415960
9/1/2020,7.8,141770,95.8914,1636,0.544761905,80.4,0.570952381,259.997,0,14895.7,1422028
10/1/2020,6.9,142461,96.5256,1613,0.637619048,81.8,0.686666667,260.319,0,15111.4,1433976
11/1/2020,6.7,142731,96.9529,1703,0.704210526,76.9,0.778947368,260.911,0,15083.4,1434160
12/1/2020,6.7,142548,98.2039,1752,0.797727273,80.7,0.846363636,262.045,0,15094.8,1446288
1/1/2021,6.4,142913,98.8135,1855,0.95,79.0,0.997368421,262.639,0,15051.6,1475943
2/1/2021,6.2,143422,95.5072,1711,1.142631579,76.8,1.215263158,263.573,0,15054.2,1432612
3/1/2021,6.1,144246,98.1929,1756,1.463913043,84.9,1.579565217,264.847,0,15186.1,1483563
4/1/2021,6.1,144611,98.3317,1721,1.471818182,88.3,1.614090909,266.625,0,15309.6,1483644
5/1/2021,5.8,145032,99.1867,1703,1.466,82.9,1.603,268.404,0,15384,1452995
6/1/2021,5.9,145828,99.6483,1654,1.316363636,85.5,1.483181818,270.710,0,15437,1456460
7/1/2021,5.4,146759,100.0668,1658,1.099047619,81.2,1.266190476,271.965,0,15493.8,1460814
8/1/2021,5.1,147246,100.0412,1736,1.065909091,70.3,1.228636364,272.752,0,15488.3,1451881
9/1/2021,4.7,147712,98.9955,1640,1.133809524,72.8,1.332857143,273.942,0,15532.3,1457056
10/1/2021,4.5,148569,100.3542,1707,1.19,71.7,1.5305,276.528,0,15592.2,1466041
11/1/2021,4.2,149206,101.2684,1765,1.0515,67.4,1.508,278.824,0,15582.5,1470553
12/1/2021,3.9,149781,101.1948,1919,0.785,70.6,1.406363636,280.806,0,15536.5,1468043
1/1/2022,4,150006,101.2146,1920,0.7835,67.2,1.6185,282.542,0,15436.2,1487693
2/1/2022,3.8,150875,101.8458,1857,0.498947368,62.8,1.619473684,284.525,0,15420.3,1476359
3/1/2022,3.7,151346,102.6732,1868,0.21826087,59.4,1.680434783,287.467,0,15360,1470152
4/1/2022,3.7,151651,102.9024,1859,0.2095,65.2,1.984,288.582,0,15358.6,1469036
5/1/2022,3.6,151892,102.9659,1704,0.281428571,58.4,1.905238095,291.299,0,15351.3,1448721
6/1/2022,3.6,152353,102.8224,1737,0.145238095,50.0,1.604761905,295.072,0,15297.7,1443651
7/1/2022,3.5,153049,103.0505,1703,-0.14,51.5,0.598,294.940,0,15464.5,1450643
8/1/2022,3.6,153286,103.1703,1557,-0.352173913,58.2,0.176086957,295.162,0,15531.9,1469845
9/1/2022,3.5,153513,103.5326,1600,-0.337619048,58.6,0.297142857,296.421,0,15586.8,1465435
10/1/2022,3.6,153913,103.4442,1594,-0.3915,59.9,0.111,297.979,0,15565.5,1470144
11/1/2022,3.6,154210,103.1058,1401,-0.6125,56.7,-0.432,298.708,0,15556,1456356
12/1/2022,3.5,154336,101.8266,1410,-0.672380952,59.8,-0.741904762,298.808,0,15583.7,1471197
1/1/2023,3.5,154780,102.7476,1410,-0.676,64.9,-1.156,300.456,0,15666.2,1490564
2/1/2023,3.6,155086,102.8003,1618,-0.786842105,66.9,-1.041052632,301.476,0,15688.2,1479479
3/1/2023,3.5,155171,102.8143,1480,-0.639565217,62.0,-1.195652174,301.643,0,15752.6,1466835
4/1/2023,3.4,155387,103.2241,1474,-0.556,63.7,-1.6135,302.858,0,15775.7,1465398
5/1/2023,3.6,155614,102.9809,1575,-0.558181818,59.0,-1.734545455,303.316,0,15825,1479070
6/1/2023,3.6,155871,102.3809,1464,-0.891428571,64.2,-1.667619048,304.099,0,15847.2,1475131
7/1/2023,3.5,156019,103.0722,1522,-0.929,71.5,-1.589,304.615,0,15888.4,1489088
8/1/2023,3.7,156176,103.0951,1561,-0.733913043,69.4,-1.391304348,306.138,0,15925.5,1486896
9/1/2023,3.8,156334,103.3081,1537,-0.643,67.8,-1.1765,307.374,0,15956.8,1494782
10/1/2023,3.9,156520,102.5781,1528,-0.26952381,63.8,-0.806666667,307.653,0,16011.2,1495171
11/1/2023,3.7,156661,102.8868,1503,-0.37952381,61.3,-1.02,308.087,0,16095.6,1505172
12/1/2023,3.8,156930,102.6309,1519,-0.437,69.7,-1.422,308.735,0,16129.2,1516894
1/1/2024,3.7,157049,101.4830,1545,-0.264761905,79.0,-1.395714286,309.794,0,16227.8,1501571
2/1/2024,3.9,157271,102.7267,1577,-0.3365,76.9,-1.233,311.022,0,16232.7,1508218
3/1/2024,3.9,157517,102.5186,1476,-0.3795,79.4,-1.26,312.107,0,16269.5,1506005
4/1/2024,3.9,157635,102.3568,1459,-0.334090909,77.2,-0.904545455,313.016,0,16240.4,1502289
5/1/2024,4,157828,102.9797,1407,-0.374090909,69.1,-0.972727273,313.140,0,16291.7,1511598
6/1/2024,4.1,157915,103.2534,1461,-0.431578947,68.2,-1.201052632,313.131,0,16292.1,1518826
7/1/2024,4.2,158003,102.5192,1436,-0.247272727,66.4,-1.183181818,313.566,0,16281.1,1529744
8/1/2024,4.2,158074,103.0196,1476,-0.094545455,67.9,-1.424545455,314.131,0,16279.2,1530317
9/1/2024,4.1,158314,102.5954,1434,0.101,70.1,-1.1985,314.851,0,16283.1,1541305
10/1/2024,4.1,158358,102.2138,1428,0.123181818,70.5,-0.622727273,315.564,0,16359.2,1538457
11/1/2024,4.2,158619,101.9503,1508,0.098421053,71.8,-0.264210526,316.449,0,16412.1,1545040
12/1/2024,4.1,158942,103.0447,1480,0.165714286,74.0,0.00047619,317.603,0,16434.6,1558008
1/1/2025,4,159053,102.9343,1460,0.357142857,71.7,0.286190476,319.086,0,16430.3,1542895
2/1/2025,4.1,159155,104.0003,1454,0.241052632,64.7,0.118947368,319.775,0,16428.6,1553661
3/1/2025,4.2,159275,103.7483,1481,0.31047619,57.0,-0.055238095,319.615,0,16522.6,1574621
4/1/2025,4.2,159422,103.8216,1422,0.501428571,52.2,-0.043333333,320.321,0,16552.2,1567412
,,,,,,,,,,,1562061
,,,,,,,,,,,
